zip_file,internal_csv_path,file_name,schema_fingerprint,raw_row_count,normalized_row_count,dropped_blank_row_count,invalid_cycle_index_count,invalid_charge_capacity_count,invalid_discharge_capacity_count,invalid_charge_energy_count,invalid_discharge_energy_count,metadata_join_status,load_status,load_message
CALCE.zip,CALCE/CALCE_CX2-16_prism_LCO_25C_0-100_0.5-0.5C_a_cycle_data.csv,CALCE_CX2-16_prism_LCO_25C_0-100_0.5-0.5C_a_cycle_data.csv,schema_d2669a99bc63,2016,2016,0,0,0,0,0,0,matched,success,
CALCE.zip,CALCE/CALCE_CX2-25_prism_LCO_25C_0-100_0.5-0.5C_b_cycle_data.csv,CALCE_CX2-25_prism_LCO_25C_0-100_0.5-0.5C_b_cycle_data.csv,schema_d2669a99bc63,1815,1815,0,0,0,0,0,0,matched,success,
CALCE.zip,CALCE/CALCE_CX2-33_prism_LCO_25C_0-100_0.5-0.5C_d_cycle_data.csv,CALCE_CX2-33_prism_LCO_25C_0-100_0.5-0.5C_d_cycle_data.csv,schema_d2669a99bc63,1701,1701,0,0,0,0,0,0,matched,success,
CALCE.zip,CALCE/CALCE_CX2-34_prism_LCO_25C_0-100_0.5-0.5C_e_cycle_data.csv,CALCE_CX2-34_prism_LCO_25C_0-100_0.5-0.5C_e_cycle_data.csv,schema_d2669a99bc63,1735,1735,0,0,0,0,0,0,matched,success,
CALCE.zip,CALCE/CALCE_CX2-36_prism_LCO_25C_0-100_0.5-0.5C_f_cycle_data.csv,CALCE_CX2-36_prism_LCO_25C_0-100_0.5-0.5C_f_cycle_data.csv,schema_d2669a99bc63,1971,1971,0,0,0,0,0,0,matched,success,
CALCE.zip,CALCE/CALCE_CX2-37_prism_LCO_25C_0-100_0.5-0.5C_g_cycle_data.csv,CALCE_CX2-37_prism_LCO_25C_0-100_0.5-0.5C_g_cycle_data.csv,schema_d2669a99bc63,1281,1281,0,0,0,0,0,0,matched,success,
CALCE.zip,CALCE/CALCE_CX2-38_prism_LCO_25C_0-100_0.5-0.5C_h_cycle_data.csv,CALCE_CX2-38_prism_LCO_25C_0-100_0.5-0.5C_h_cycle_data.csv,schema_d2669a99bc63,1961,1961,0,0,0,0,0,0,matched,success,
HNEI.zip,HNEI/HNEI_18650_NMC_LCO_25C_0-100_0.5-1.5C_a_cycle_data.csv,HNEI_18650_NMC_LCO_25C_0-100_0.5-1.5C_a_cycle_data.csv,schema_d2669a99bc63,1101,1101,0,0,0,0,0,0,matched,success,
HNEI.zip,HNEI/HNEI_18650_NMC_LCO_25C_0-100_0.5-1.5C_b_cycle_data.csv,HNEI_18650_NMC_LCO_25C_0-100_0.5-1.5C_b_cycle_data.csv,schema_d2669a99bc63,1104,1104,0,0,0,0,0,0,matched,success,
HNEI.zip,HNEI/HNEI_18650_NMC_LCO_25C_0-100_0.5-1.5C_c_cycle_data.csv,HNEI_18650_NMC_LCO_25C_0-100_0.5-1.5C_c_cycle_data.csv,schema_d2669a99bc63,1103,1103,0,0,0,0,0,0,matched,success,
HNEI.zip,HNEI/HNEI_18650_NMC_LCO_25C_0-100_0.5-1.5C_d_cycle_data.csv,HNEI_18650_NMC_LCO_25C_0-100_0.5-1.5C_d_cycle_data.csv,schema_d2669a99bc63,1105,1105,0,0,0,0,0,0,matched,success,
HNEI.zip,HNEI/HNEI_18650_NMC_LCO_25C_0-100_0.5-1.5C_e_cycle_data.csv,HNEI_18650_NMC_LCO_25C_0-100_0.5-1.5C_e_cycle_data.csv,schema_d2669a99bc63,1101,1101,0,0,0,0,0,0,matched,success,
HNEI.zip,HNEI/HNEI_18650_NMC_LCO_25C_0-100_0.5-1.5C_f_cycle_data.csv,HNEI_18650_NMC_LCO_25C_0-100_0.5-1.5C_f_cycle_data.csv,schema_d2669a99bc63,1103,1103,0,0,0,0,0,0,matched,success,
HNEI.zip,HNEI/HNEI_18650_NMC_LCO_25C_0-100_0.5-1.5C_g_cycle_data.csv,HNEI_18650_NMC_LCO_25C_0-100_0.5-1.5C_g_cycle_data.csv,schema_d2669a99bc63,1104,1104,0,0,0,0,0,0,matched,success,
HNEI.zip,HNEI/HNEI_18650_NMC_LCO_25C_0-100_0.5-1.5C_j_cycle_data.csv,HNEI_18650_NMC_LCO_25C_0-100_0.5-1.5C_j_cycle_data.csv,schema_d2669a99bc63,1105,1105,0,0,0,0,0,0,matched,success,
HNEI.zip,HNEI/HNEI_18650_NMC_LCO_25C_0-100_0.5-1.5C_l_cycle_data.csv,HNEI_18650_NMC_LCO_25C_0-100_0.5-1.5C_l_cycle_data.csv,schema_d2669a99bc63,1103,1103,0,0,0,0,0,0,matched,success,
HNEI.zip,HNEI/HNEI_18650_NMC_LCO_25C_0-100_0.5-1.5C_m_cycle_data.csv,HNEI_18650_NMC_LCO_25C_0-100_0.5-1.5C_m_cycle_data.csv,schema_d2669a99bc63,1102,1102,0,0,0,0,0,0,matched,success,
HNEI.zip,HNEI/HNEI_18650_NMC_LCO_25C_0-100_0.5-1.5C_n_cycle_data.csv,HNEI_18650_NMC_LCO_25C_0-100_0.5-1.5C_n_cycle_data.csv,schema_d2669a99bc63,1104,1104,0,0,0,0,0,0,matched,success,
HNEI.zip,HNEI/HNEI_18650_NMC_LCO_25C_0-100_0.5-1.5C_o_cycle_data.csv,HNEI_18650_NMC_LCO_25C_0-100_0.5-1.5C_o_cycle_data.csv,schema_d2669a99bc63,1106,1106,0,0,0,0,0,0,matched,success,
HNEI.zip,HNEI/HNEI_18650_NMC_LCO_25C_0-100_0.5-1.5C_p_cycle_data.csv,HNEI_18650_NMC_LCO_25C_0-100_0.5-1.5C_p_cycle_data.csv,schema_d2669a99bc63,1106,1106,0,0,0,0,0,0,matched,success,
HNEI.zip,HNEI/HNEI_18650_NMC_LCO_25C_0-100_0.5-1.5C_s_cycle_data.csv,HNEI_18650_NMC_LCO_25C_0-100_0.5-1.5C_s_cycle_data.csv,schema_d2669a99bc63,1101,1101,0,0,0,0,0,0,matched,success,
HNEI.zip,HNEI/HNEI_18650_NMC_LCO_25C_0-100_0.5-1.5C_t_cycle_data.csv,HNEI_18650_NMC_LCO_25C_0-100_0.5-1.5C_t_cycle_data.csv,schema_d2669a99bc63,1080,1080,0,0,0,0,0,0,matched,success,
Michigan Expansion.zip,Michigan Expansion/MICH_01R_pouch_NMC_25C_0-100_0.2-0.2C_cycle_data.csv,MICH_01R_pouch_NMC_25C_0-100_0.2-0.2C_cycle_data.csv,schema_63d0cb98b657,379,379,0,0,0,0,0,0,matched,success,
Michigan Expansion.zip,Michigan Expansion/MICH_02C_pouch_NMC_-5C_0-100_0.2-0.2C_cycle_data.csv,MICH_02C_pouch_NMC_-5C_0-100_0.2-0.2C_cycle_data.csv,schema_63d0cb98b657,293,293,0,0,0,0,0,0,matched,success,
Michigan Expansion.zip,Michigan Expansion/MICH_03H_pouch_NMC_45C_0-100_0.2-0.2C_cycle_data.csv,MICH_03H_pouch_NMC_45C_0-100_0.2-0.2C_cycle_data.csv,schema_63d0cb98b657,103,103,0,0,0,0,0,0,matched,success,
Michigan Expansion.zip,Michigan Expansion/MICH_04R_pouch_NMC_25C_0-100_1.5-1.5C_cycle_data.csv,MICH_04R_pouch_NMC_25C_0-100_1.5-1.5C_cycle_data.csv,schema_63d0cb98b657,327,327,0,0,0,0,0,0,matched,success,
Michigan Expansion.zip,Michigan Expansion/MICH_05C_pouch_NMC_-5C_0-100_1.5-1.5C_cycle_data.csv,MICH_05C_pouch_NMC_-5C_0-100_1.5-1.5C_cycle_data.csv,schema_63d0cb98b657,573,573,0,0,0,0,0,0,matched,success,
Michigan Expansion.zip,Michigan Expansion/MICH_06H_pouch_NMC_45C_0-100_1.5-1.5C_cycle_data.csv,MICH_06H_pouch_NMC_45C_0-100_1.5-1.5C_cycle_data.csv,schema_63d0cb98b657,177,177,0,0,0,0,0,0,matched,success,
Michigan Expansion.zip,Michigan Expansion/MICH_07R_pouch_NMC_25C_0-100_2-2C_cycle_data.csv,MICH_07R_pouch_NMC_25C_0-100_2-2C_cycle_data.csv,schema_63d0cb98b657,245,245,0,0,0,0,0,0,matched,success,
Michigan Expansion.zip,Michigan Expansion/MICH_08C_pouch_NMC_-5C_0-100_2-2C_cycle_data.csv,MICH_08C_pouch_NMC_-5C_0-100_2-2C_cycle_data.csv,schema_63d0cb98b657,573,573,0,0,0,0,0,0,matched,success,
Michigan Expansion.zip,Michigan Expansion/MICH_09H_pouch_NMC_45C_0-100_2-2C_cycle_data.csv,MICH_09H_pouch_NMC_45C_0-100_2-2C_cycle_data.csv,schema_63d0cb98b657,175,175,0,0,0,0,0,0,matched,success,
Michigan Expansion.zip,Michigan Expansion/MICH_10R_pouch_NMC_25C_0-100_0.2-1.5C_cycle_data.csv,MICH_10R_pouch_NMC_25C_0-100_0.2-1.5C_cycle_data.csv,schema_63d0cb98b657,439,439,0,0,0,0,0,0,matched,success,
Michigan Expansion.zip,Michigan Expansion/MICH_11C_pouch_NMC_-5C_0-100_0.2-1.5C_cycle_data.csv,MICH_11C_pouch_NMC_-5C_0-100_0.2-1.5C_cycle_data.csv,schema_63d0cb98b657,540,540,0,0,0,0,0,0,matched,success,
Michigan Expansion.zip,Michigan Expansion/MICH_12H_pouch_NMC_45C_0-100_0.2-1.5C_cycle_data.csv,MICH_12H_pouch_NMC_45C_0-100_0.2-1.5C_cycle_data.csv,schema_63d0cb98b657,182,182,0,0,0,0,0,0,matched,success,
Michigan Expansion.zip,Michigan Expansion/MICH_13R_pouch_NMC_25C_50-100_0.2-0.2C_cycle_data.csv,MICH_13R_pouch_NMC_25C_50-100_0.2-0.2C_cycle_data.csv,schema_63d0cb98b657,532,532,0,0,0,0,0,0,matched,success,
Michigan Expansion.zip,Michigan Expansion/MICH_14C_pouch_NMC_-5C_50-100_0.2-0.2C_cycle_data.csv,MICH_14C_pouch_NMC_-5C_50-100_0.2-0.2C_cycle_data.csv,schema_63d0cb98b657,452,452,0,0,0,0,0,0,matched,success,
Michigan Expansion.zip,Michigan Expansion/MICH_15H_pouch_NMC_45C_50-100_0.2-0.2C_cycle_data.csv,MICH_15H_pouch_NMC_45C_50-100_0.2-0.2C_cycle_data.csv,schema_63d0cb98b657,171,171,0,0,0,0,0,0,matched,success,
Michigan Expansion.zip,Michigan Expansion/MICH_16R_pouch_NMC_25C_50-100_0.2-1.5C_cycle_data.csv,MICH_16R_pouch_NMC_25C_50-100_0.2-1.5C_cycle_data.csv,schema_63d0cb98b657,532,532,0,0,0,0,0,0,matched,success,
Michigan Expansion.zip,Michigan Expansion/MICH_17C_pouch_NMC_-5C_50-100_0.2-1.5C_cycle_data.csv,MICH_17C_pouch_NMC_-5C_50-100_0.2-1.5C_cycle_data.csv,schema_63d0cb98b657,557,557,0,0,0,0,0,0,matched,success,
Michigan Expansion.zip,Michigan Expansion/MICH_18H_pouch_NMC_45C_50-100_0.2-1.5C_cycle_data.csv,MICH_18H_pouch_NMC_45C_50-100_0.2-1.5C_cycle_data.csv,schema_63d0cb98b657,295,295,0,0,0,0,0,0,matched,success,
Michigan Formation.zip,Michigan Formation/MICH_BLForm10_pouch_NMC_25C_0-100_1-1C_j_cycle_data.csv,MICH_BLForm10_pouch_NMC_25C_0-100_1-1C_j_cycle_data.csv,schema_63d0cb98b657,518,518,0,0,0,0,0,0,matched,success,
Michigan Formation.zip,Michigan Formation/MICH_BLForm11_pouch_NMC_25C_0-100_1-1C_a_cycle_data.csv,MICH_BLForm11_pouch_NMC_25C_0-100_1-1C_a_cycle_data.csv,schema_63d0cb98b657,450,450,0,0,0,0,0,0,matched,success,
Michigan Formation.zip,Michigan Formation/MICH_BLForm12_pouch_NMC_25C_0-100_1-1C_b_cycle_data.csv,MICH_BLForm12_pouch_NMC_25C_0-100_1-1C_b_cycle_data.csv,schema_63d0cb98b657,458,458,0,0,0,0,0,0,matched,success,
Michigan Formation.zip,Michigan Formation/MICH_BLForm13_pouch_NMC_25C_0-100_1-1C_c_cycle_data.csv,MICH_BLForm13_pouch_NMC_25C_0-100_1-1C_c_cycle_data.csv,schema_63d0cb98b657,463,463,0,0,0,0,0,0,matched,success,
Michigan Formation.zip,Michigan Formation/MICH_BLForm14_pouch_NMC_25C_0-100_1-1C_d_cycle_data.csv,MICH_BLForm14_pouch_NMC_25C_0-100_1-1C_d_cycle_data.csv,schema_63d0cb98b657,506,506,0,0,0,0,0,0,matched,success,
Michigan Formation.zip,Michigan Formation/MICH_BLForm15_pouch_NMC_25C_0-100_1-1C_e_cycle_data.csv,MICH_BLForm15_pouch_NMC_25C_0-100_1-1C_e_cycle_data.csv,schema_63d0cb98b657,469,469,0,0,0,0,0,0,matched,success,
Michigan Formation.zip,Michigan Formation/MICH_BLForm16_pouch_NMC_25C_0-100_1-1C_f_cycle_data.csv,MICH_BLForm16_pouch_NMC_25C_0-100_1-1C_f_cycle_data.csv,schema_63d0cb98b657,469,469,0,0,0,0,0,0,matched,success,
Michigan Formation.zip,Michigan Formation/MICH_BLForm17_pouch_NMC_25C_0-100_1-1C_g_cycle_data.csv,MICH_BLForm17_pouch_NMC_25C_0-100_1-1C_g_cycle_data.csv,schema_63d0cb98b657,470,470,0,0,0,0,0,0,matched,success,
Michigan Formation.zip,Michigan Formation/MICH_BLForm18_pouch_NMC_25C_0-100_1-1C_h_cycle_data.csv,MICH_BLForm18_pouch_NMC_25C_0-100_1-1C_h_cycle_data.csv,schema_63d0cb98b657,464,464,0,0,0,0,0,0,matched,success,
Michigan Formation.zip,Michigan Formation/MICH_BLForm19_pouch_NMC_25C_0-100_1-1C_i_cycle_data.csv,MICH_BLForm19_pouch_NMC_25C_0-100_1-1C_i_cycle_data.csv,schema_63d0cb98b657,469,469,0,0,0,0,0,0,matched,success,
Michigan Formation.zip,Michigan Formation/MICH_BLForm1_pouch_NMC_45C_0-100_1-1C_a_cycle_data.csv,MICH_BLForm1_pouch_NMC_45C_0-100_1-1C_a_cycle_data.csv,schema_63d0cb98b657,520,520,0,0,0,0,0,0,matched,success,
Michigan Formation.zip,Michigan Formation/MICH_BLForm20_pouch_NMC_25C_0-100_1-1C_j_cycle_data.csv,MICH_BLForm20_pouch_NMC_25C_0-100_1-1C_j_cycle_data.csv,schema_63d0cb98b657,468,468,0,0,0,0,0,0,matched,success,
Michigan Formation.zip,Michigan Formation/MICH_BLForm2_pouch_NMC_45C_0-100_1-1C_b_cycle_data.csv,MICH_BLForm2_pouch_NMC_45C_0-100_1-1C_b_cycle_data.csv,schema_63d0cb98b657,521,521,0,0,0,0,0,0,matched,success,
Michigan Formation.zip,Michigan Formation/MICH_BLForm3_pouch_NMC_45C_0-100_1-1C_c_cycle_data.csv,MICH_BLForm3_pouch_NMC_45C_0-100_1-1C_c_cycle_data.csv,schema_63d0cb98b657,542,542,0,0,0,0,0,0,matched,success,
Michigan Formation.zip,Michigan Formation/MICH_BLForm4_pouch_NMC_45C_0-100_1-1C_d_cycle_data.csv,MICH_BLForm4_pouch_NMC_45C_0-100_1-1C_d_cycle_data.csv,schema_63d0cb98b657,520,520,0,0,0,0,0,0,matched,success,
Michigan Formation.zip,Michigan Formation/MICH_BLForm5_pouch_NMC_45C_0-100_1-1C_e_cycle_data.csv,MICH_BLForm5_pouch_NMC_45C_0-100_1-1C_e_cycle_data.csv,schema_63d0cb98b657,519,519,0,0,0,0,0,0,matched,success,
Michigan Formation.zip,Michigan Formation/MICH_BLForm6_pouch_NMC_45C_0-100_1-1C_f_cycle_data.csv,MICH_BLForm6_pouch_NMC_45C_0-100_1-1C_f_cycle_data.csv,schema_63d0cb98b657,513,513,0,0,0,0,0,0,matched,success,
Michigan Formation.zip,Michigan Formation/MICH_BLForm7_pouch_NMC_45C_0-100_1-1C_g_cycle_data.csv,MICH_BLForm7_pouch_NMC_45C_0-100_1-1C_g_cycle_data.csv,schema_63d0cb98b657,506,506,0,0,0,0,0,0,matched,success,
Michigan Formation.zip,Michigan Formation/MICH_BLForm8_pouch_NMC_45C_0-100_1-1C_h_cycle_data.csv,MICH_BLForm8_pouch_NMC_45C_0-100_1-1C_h_cycle_data.csv,schema_63d0cb98b657,520,520,0,0,0,0,0,0,matched,success,
Michigan Formation.zip,Michigan Formation/MICH_BLForm9_pouch_NMC_45C_0-100_1-1C_i_cycle_data.csv,MICH_BLForm9_pouch_NMC_45C_0-100_1-1C_i_cycle_data.csv,schema_63d0cb98b657,641,641,0,0,0,0,0,0,matched,success,
Michigan Formation.zip,Michigan Formation/MICH_MCForm21_pouch_NMC_25C_0-100_1-1C_a_cycle_data.csv,MICH_MCForm21_pouch_NMC_25C_0-100_1-1C_a_cycle_data.csv,schema_63d0cb98b657,506,506,0,0,0,0,0,0,matched,success,
Michigan Formation.zip,Michigan Formation/MICH_MCForm22_pouch_NMC_25C_0-100_1-1C_b_cycle_data.csv,MICH_MCForm22_pouch_NMC_25C_0-100_1-1C_b_cycle_data.csv,schema_63d0cb98b657,522,522,0,0,0,0,0,0,matched,success,
Michigan Formation.zip,Michigan Formation/MICH_MCForm23_pouch_NMC_25C_0-100_1-1C_c_cycle_data.csv,MICH_MCForm23_pouch_NMC_25C_0-100_1-1C_c_cycle_data.csv,schema_63d0cb98b657,576,576,0,0,0,0,0,0,matched,success,
Michigan Formation.zip,Michigan Formation/MICH_MCForm24_pouch_NMC_25C_0-100_1-1C_d_cycle_data.csv,MICH_MCForm24_pouch_NMC_25C_0-100_1-1C_d_cycle_data.csv,schema_63d0cb98b657,506,506,0,0,0,0,0,0,matched,success,
Michigan Formation.zip,Michigan Formation/MICH_MCForm25_pouch_NMC_25C_0-100_1-1C_e_cycle_data.csv,MICH_MCForm25_pouch_NMC_25C_0-100_1-1C_e_cycle_data.csv,schema_63d0cb98b657,629,629,0,0,0,0,0,0,matched,success,
Michigan Formation.zip,Michigan Formation/MICH_MCForm26_pouch_NMC_25C_0-100_1-1C_f_cycle_data.csv,MICH_MCForm26_pouch_NMC_25C_0-100_1-1C_f_cycle_data.csv,schema_63d0cb98b657,627,627,0,0,0,0,0,0,matched,success,
Michigan Formation.zip,Michigan Formation/MICH_MCForm27_pouch_NMC_25C_0-100_1-1C_g_cycle_data.csv,MICH_MCForm27_pouch_NMC_25C_0-100_1-1C_g_cycle_data.csv,schema_63d0cb98b657,576,576,0,0,0,0,0,0,matched,success,
Michigan Formation.zip,Michigan Formation/MICH_MCForm28_pouch_NMC_25C_0-100_1-1C_h_cycle_data.csv,MICH_MCForm28_pouch_NMC_25C_0-100_1-1C_h_cycle_data.csv,schema_63d0cb98b657,629,629,0,0,0,0,0,0,matched,success,
Michigan Formation.zip,Michigan Formation/MICH_MCForm29_pouch_NMC_25C_0-100_1-1C_i_cycle_data.csv,MICH_MCForm29_pouch_NMC_25C_0-100_1-1C_i_cycle_data.csv,schema_63d0cb98b657,590,590,0,0,0,0,0,0,matched,success,
Michigan Formation.zip,Michigan Formation/MICH_MCForm30_pouch_NMC_25C_0-100_1-1C_j_cycle_data.csv,MICH_MCForm30_pouch_NMC_25C_0-100_1-1C_j_cycle_data.csv,schema_63d0cb98b657,576,576,0,0,0,0,0,0,matched,success,
Michigan Formation.zip,Michigan Formation/MICH_MCForm31_pouch_NMC_45C_0-100_1-1C_a_cycle_data.csv,MICH_MCForm31_pouch_NMC_45C_0-100_1-1C_a_cycle_data.csv,schema_63d0cb98b657,540,540,0,0,0,0,0,0,matched,success,
Michigan Formation.zip,Michigan Formation/MICH_MCForm32_pouch_NMC_45C_0-100_1-1C_b_cycle_data.csv,MICH_MCForm32_pouch_NMC_45C_0-100_1-1C_b_cycle_data.csv,schema_63d0cb98b657,521,521,0,0,0,0,0,0,matched,success,
Michigan Formation.zip,Michigan Formation/MICH_MCForm33_pouch_NMC_45C_0-100_1-1C_c_cycle_data.csv,MICH_MCForm33_pouch_NMC_45C_0-100_1-1C_c_cycle_data.csv,schema_63d0cb98b657,531,531,0,0,0,0,0,0,matched,success,
Michigan Formation.zip,Michigan Formation/MICH_MCForm34_pouch_NMC_45C_0-100_1-1C_d_cycle_data.csv,MICH_MCForm34_pouch_NMC_45C_0-100_1-1C_d_cycle_data.csv,schema_63d0cb98b657,614,614,0,0,0,0,0,0,matched,success,
Michigan Formation.zip,Michigan Formation/MICH_MCForm35_pouch_NMC_45C_0-100_1-1C_e_cycle_data.csv,MICH_MCForm35_pouch_NMC_45C_0-100_1-1C_e_cycle_data.csv,schema_63d0cb98b657,471,471,0,0,0,0,0,0,matched,success,
Michigan Formation.zip,Michigan Formation/MICH_MCForm36_pouch_NMC_45C_0-100_1-1C_f_cycle_data.csv,MICH_MCForm36_pouch_NMC_45C_0-100_1-1C_f_cycle_data.csv,schema_63d0cb98b657,573,573,0,0,0,0,0,0,matched,success,
Michigan Formation.zip,Michigan Formation/MICH_MCForm37_pouch_NMC_45C_0-100_1-1C_g_cycle_data.csv,MICH_MCForm37_pouch_NMC_45C_0-100_1-1C_g_cycle_data.csv,schema_63d0cb98b657,573,573,0,0,0,0,0,0,matched,success,
Michigan Formation.zip,Michigan Formation/MICH_MCForm38_pouch_NMC_45C_0-100_1-1C_h_cycle_data.csv,MICH_MCForm38_pouch_NMC_45C_0-100_1-1C_h_cycle_data.csv,schema_63d0cb98b657,531,531,0,0,0,0,0,0,matched,success,
Michigan Formation.zip,Michigan Formation/MICH_MCForm39_pouch_NMC_45C_0-100_1-1C_i_cycle_data.csv,MICH_MCForm39_pouch_NMC_45C_0-100_1-1C_i_cycle_data.csv,schema_63d0cb98b657,573,573,0,0,0,0,0,0,matched,success,
Michigan Formation.zip,Michigan Formation/MICH_MCForm40_pouch_NMC_45C_0-100_1-1C_j_cycle_data.csv,MICH_MCForm40_pouch_NMC_45C_0-100_1-1C_j_cycle_data.csv,schema_63d0cb98b657,569,569,0,0,0,0,0,0,matched,success,
Oxford.zip,Oxford/OX_1-1_pouch_LCO_40C_0-100_2-1.84C_a_cycle_data.csv,OX_1-1_pouch_LCO_40C_0-100_2-1.84C_a_cycle_data.csv,schema_d2669a99bc63,78,78,0,0,0,0,0,0,matched,success,
Oxford.zip,Oxford/OX_1-2_pouch_LCO_40C_0-100_2-1.84C_b_cycle_data.csv,OX_1-2_pouch_LCO_40C_0-100_2-1.84C_b_cycle_data.csv,schema_d2669a99bc63,73,73,0,0,0,0,0,0,matched,success,
Oxford.zip,Oxford/OX_1-3_pouch_LCO_40C_0-100_2-1.84C_c_cycle_data.csv,OX_1-3_pouch_LCO_40C_0-100_2-1.84C_c_cycle_data.csv,schema_d2669a99bc63,76,76,0,0,0,0,0,0,matched,success,
Oxford.zip,Oxford/OX_1-4_pouch_LCO_40C_0-100_2-1.84C_d_cycle_data.csv,OX_1-4_pouch_LCO_40C_0-100_2-1.84C_d_cycle_data.csv,schema_d2669a99bc63,47,47,0,0,0,0,0,0,matched,success,
Oxford.zip,Oxford/OX_1-5_pouch_LCO_40C_0-100_2-1.84C_e_cycle_data.csv,OX_1-5_pouch_LCO_40C_0-100_2-1.84C_e_cycle_data.csv,schema_d2669a99bc63,46,46,0,0,0,0,0,0,matched,success,
Oxford.zip,Oxford/OX_1-6_pouch_LCO_40C_0-100_2-1.84C_f_cycle_data.csv,OX_1-6_pouch_LCO_40C_0-100_2-1.84C_f_cycle_data.csv,schema_d2669a99bc63,46,46,0,0,0,0,0,0,matched,success,
Oxford.zip,Oxford/OX_1-7_pouch_LCO_40C_0-100_2-1.84C_g_cycle_data.csv,OX_1-7_pouch_LCO_40C_0-100_2-1.84C_g_cycle_data.csv,schema_d2669a99bc63,77,77,0,0,0,0,0,0,matched,success,
Oxford.zip,Oxford/OX_1-8_pouch_LCO_40C_0-100_2-1.84C_h_cycle_data.csv,OX_1-8_pouch_LCO_40C_0-100_2-1.84C_h_cycle_data.csv,schema_d2669a99bc63,76,76,0,0,0,0,0,0,matched,success,
SNL LFP.zip,SNL LFP/SNL_18650_LFP_15C_0-100_0.5-1C_a_cycle_data.csv,SNL_18650_LFP_15C_0-100_0.5-1C_a_cycle_data.csv,schema_d2669a99bc63,4550,4550,0,0,0,0,0,0,matched,success,
SNL LFP.zip,SNL LFP/SNL_18650_LFP_15C_0-100_0.5-1C_b_cycle_data.csv,SNL_18650_LFP_15C_0-100_0.5-1C_b_cycle_data.csv,schema_d2669a99bc63,3554,3554,0,0,0,0,0,0,matched,success,
SNL LFP.zip,SNL LFP/SNL_18650_LFP_15C_0-100_0.5-2C_a_cycle_data.csv,SNL_18650_LFP_15C_0-100_0.5-2C_a_cycle_data.csv,schema_d2669a99bc63,3760,3760,0,0,0,0,0,0,matched,success,
SNL LFP.zip,SNL LFP/SNL_18650_LFP_15C_0-100_0.5-2C_b_cycle_data.csv,SNL_18650_LFP_15C_0-100_0.5-2C_b_cycle_data.csv,schema_d2669a99bc63,3753,3753,0,0,0,0,0,0,matched,success,
SNL LFP.zip,SNL LFP/SNL_18650_LFP_25C_0-100_0.5-0.5C_a_cycle_data.csv,SNL_18650_LFP_25C_0-100_0.5-0.5C_a_cycle_data.csv,schema_d2669a99bc63,3051,3051,0,0,0,0,0,0,matched,success,
SNL LFP.zip,SNL LFP/SNL_18650_LFP_25C_0-100_0.5-1C_a_cycle_data.csv,SNL_18650_LFP_25C_0-100_0.5-1C_a_cycle_data.csv,schema_d2669a99bc63,3546,3546,0,0,0,0,0,0,matched,success,
SNL LFP.zip,SNL LFP/SNL_18650_LFP_25C_0-100_0.5-1C_b_cycle_data.csv,SNL_18650_LFP_25C_0-100_0.5-1C_b_cycle_data.csv,schema_d2669a99bc63,3549,3549,0,0,0,0,0,0,matched,success,
SNL LFP.zip,SNL LFP/SNL_18650_LFP_25C_0-100_0.5-1C_c_cycle_data.csv,SNL_18650_LFP_25C_0-100_0.5-1C_c_cycle_data.csv,schema_d2669a99bc63,3037,3037,0,0,0,0,0,0,matched,success,
SNL LFP.zip,SNL LFP/SNL_18650_LFP_25C_0-100_0.5-1C_d_cycle_data.csv,SNL_18650_LFP_25C_0-100_0.5-1C_d_cycle_data.csv,schema_d2669a99bc63,3037,3037,0,0,0,0,0,0,matched,success,
SNL LFP.zip,SNL LFP/SNL_18650_LFP_25C_0-100_0.5-2C_a_cycle_data.csv,SNL_18650_LFP_25C_0-100_0.5-2C_a_cycle_data.csv,schema_d2669a99bc63,3543,3543,0,0,0,0,0,0,matched,success,
SNL LFP.zip,SNL LFP/SNL_18650_LFP_25C_0-100_0.5-2C_b_cycle_data.csv,SNL_18650_LFP_25C_0-100_0.5-2C_b_cycle_data.csv,schema_d2669a99bc63,4049,4049,0,0,0,0,0,0,matched,success,
SNL LFP.zip,SNL LFP/SNL_18650_LFP_25C_0-100_0.5-3C_a_cycle_data.csv,SNL_18650_LFP_25C_0-100_0.5-3C_a_cycle_data.csv,schema_d2669a99bc63,4569,4569,0,0,0,0,0,0,matched,success,
SNL LFP.zip,SNL LFP/SNL_18650_LFP_25C_0-100_0.5-3C_b_cycle_data.csv,SNL_18650_LFP_25C_0-100_0.5-3C_b_cycle_data.csv,schema_d2669a99bc63,4062,4062,0,0,0,0,0,0,matched,success,
SNL LFP.zip,SNL LFP/SNL_18650_LFP_25C_0-100_0.5-3C_c_cycle_data.csv,SNL_18650_LFP_25C_0-100_0.5-3C_c_cycle_data.csv,schema_d2669a99bc63,3555,3555,0,0,0,0,0,0,matched,success,
SNL LFP.zip,SNL LFP/SNL_18650_LFP_25C_0-100_0.5-3C_d_cycle_data.csv,SNL_18650_LFP_25C_0-100_0.5-3C_d_cycle_data.csv,schema_d2669a99bc63,4062,4062,0,0,0,0,0,0,matched,success,
SNL LFP.zip,SNL LFP/SNL_18650_LFP_25C_20-80_0.5-0.5C_a_cycle_data.csv,SNL_18650_LFP_25C_20-80_0.5-0.5C_a_cycle_data.csv,schema_d2669a99bc63,7378,7378,0,0,0,0,0,0,matched,success,
SNL LFP.zip,SNL LFP/SNL_18650_LFP_25C_20-80_0.5-0.5C_b_cycle_data.csv,SNL_18650_LFP_25C_20-80_0.5-0.5C_b_cycle_data.csv,schema_d2669a99bc63,7446,7446,0,0,0,0,0,0,matched,success,
SNL LFP.zip,SNL LFP/SNL_18650_LFP_25C_20-80_0.5-0.5C_c_cycle_data.csv,SNL_18650_LFP_25C_20-80_0.5-0.5C_c_cycle_data.csv,schema_d2669a99bc63,5949,5949,0,0,0,0,0,0,matched,success,
SNL LFP.zip,SNL LFP/SNL_18650_LFP_25C_20-80_0.5-0.5C_d_cycle_data.csv,SNL_18650_LFP_25C_20-80_0.5-0.5C_d_cycle_data.csv,schema_d2669a99bc63,6596,6596,0,0,0,0,0,0,matched,success,
SNL LFP.zip,SNL LFP/SNL_18650_LFP_25C_20-80_0.5-3C_a_cycle_data.csv,SNL_18650_LFP_25C_20-80_0.5-3C_a_cycle_data.csv,schema_d2669a99bc63,2958,2958,0,0,0,0,0,0,matched,success,
SNL LFP.zip,SNL LFP/SNL_18650_LFP_25C_40-60_0.5-0.5C_a_cycle_data.csv,SNL_18650_LFP_25C_40-60_0.5-0.5C_a_cycle_data.csv,schema_d2669a99bc63,19175,19175,0,0,0,0,0,0,matched,success,
SNL LFP.zip,SNL LFP/SNL_18650_LFP_25C_40-60_0.5-0.5C_b_cycle_data.csv,SNL_18650_LFP_25C_40-60_0.5-0.5C_b_cycle_data.csv,schema_d2669a99bc63,18166,18166,0,0,0,0,0,0,matched,success,
SNL LFP.zip,SNL LFP/SNL_18650_LFP_25C_40-60_0.5-3C_a_cycle_data.csv,SNL_18650_LFP_25C_40-60_0.5-3C_a_cycle_data.csv,schema_d2669a99bc63,12627,12627,0,0,0,0,0,0,matched,success,
SNL LFP.zip,SNL LFP/SNL_18650_LFP_25C_40-60_0.5-3C_b_cycle_data.csv,SNL_18650_LFP_25C_40-60_0.5-3C_b_cycle_data.csv,schema_d2669a99bc63,11620,11620,0,0,0,0,0,0,matched,success,
SNL LFP.zip,SNL LFP/SNL_18650_LFP_35C_0-100_0.5-1C_a_cycle_data.csv,SNL_18650_LFP_35C_0-100_0.5-1C_a_cycle_data.csv,schema_d2669a99bc63,3155,3155,0,0,0,0,0,0,matched,success,
SNL LFP.zip,SNL LFP/SNL_18650_LFP_35C_0-100_0.5-1C_b_cycle_data.csv,SNL_18650_LFP_35C_0-100_0.5-1C_b_cycle_data.csv,schema_d2669a99bc63,3341,3341,0,0,0,0,0,0,matched,success,
SNL LFP.zip,SNL LFP/SNL_18650_LFP_35C_0-100_0.5-1C_c_cycle_data.csv,SNL_18650_LFP_35C_0-100_0.5-1C_c_cycle_data.csv,schema_d2669a99bc63,3341,3341,0,0,0,0,0,0,matched,success,
SNL LFP.zip,SNL LFP/SNL_18650_LFP_35C_0-100_0.5-1C_d_cycle_data.csv,SNL_18650_LFP_35C_0-100_0.5-1C_d_cycle_data.csv,schema_d2669a99bc63,3797,3797,0,0,0,0,0,0,matched,success,
SNL LFP.zip,SNL LFP/SNL_18650_LFP_35C_0-100_0.5-2C_a_cycle_data.csv,SNL_18650_LFP_35C_0-100_0.5-2C_a_cycle_data.csv,schema_d2669a99bc63,3855,3855,0,0,0,0,0,0,matched,success,
SNL LFP.zip,SNL LFP/SNL_18650_LFP_35C_0-100_0.5-2C_b_cycle_data.csv,SNL_18650_LFP_35C_0-100_0.5-2C_b_cycle_data.csv,schema_d2669a99bc63,3597,3597,0,0,0,0,0,0,matched,success,
SNL NCA.zip,SNL NCA/SNL_18650_NCA_15C_0-100_0.5-1C_a_cycle_data.csv,SNL_18650_NCA_15C_0-100_0.5-1C_a_cycle_data.csv,schema_d2669a99bc63,521,521,0,0,0,0,0,0,matched,success,
SNL NCA.zip,SNL NCA/SNL_18650_NCA_15C_0-100_0.5-1C_b_cycle_data.csv,SNL_18650_NCA_15C_0-100_0.5-1C_b_cycle_data.csv,schema_d2669a99bc63,917,917,0,0,0,0,0,0,matched,success,
SNL NCA.zip,SNL NCA/SNL_18650_NCA_15C_0-100_0.5-2C_a_cycle_data.csv,SNL_18650_NCA_15C_0-100_0.5-2C_a_cycle_data.csv,schema_d2669a99bc63,915,915,0,0,0,0,0,0,matched,success,
SNL NCA.zip,SNL NCA/SNL_18650_NCA_15C_0-100_0.5-2C_b_cycle_data.csv,SNL_18650_NCA_15C_0-100_0.5-2C_b_cycle_data.csv,schema_d2669a99bc63,783,783,0,0,0,0,0,0,matched,success,
SNL NCA.zip,SNL NCA/SNL_18650_NCA_25C_0-100_0.5-0.5C_a_cycle_data.csv,SNL_18650_NCA_25C_0-100_0.5-0.5C_a_cycle_data.csv,schema_d2669a99bc63,515,515,0,0,0,0,0,0,matched,success,
SNL NCA.zip,SNL NCA/SNL_18650_NCA_25C_0-100_0.5-0.5C_b_cycle_data.csv,SNL_18650_NCA_25C_0-100_0.5-0.5C_b_cycle_data.csv,schema_d2669a99bc63,917,917,0,0,0,0,0,0,matched,success,
SNL NCA.zip,SNL NCA/SNL_18650_NCA_25C_0-100_0.5-1C_a_cycle_data.csv,SNL_18650_NCA_25C_0-100_0.5-1C_a_cycle_data.csv,schema_d2669a99bc63,653,653,0,0,0,0,0,0,matched,success,
SNL NCA.zip,SNL NCA/SNL_18650_NCA_25C_0-100_0.5-1C_b_cycle_data.csv,SNL_18650_NCA_25C_0-100_0.5-1C_b_cycle_data.csv,schema_d2669a99bc63,521,521,0,0,0,0,0,0,matched,success,
SNL NCA.zip,SNL NCA/SNL_18650_NCA_25C_0-100_0.5-1C_c_cycle_data.csv,SNL_18650_NCA_25C_0-100_0.5-1C_c_cycle_data.csv,schema_d2669a99bc63,521,521,0,0,0,0,0,0,matched,success,
SNL NCA.zip,SNL NCA/SNL_18650_NCA_25C_0-100_0.5-1C_d_cycle_data.csv,SNL_18650_NCA_25C_0-100_0.5-1C_d_cycle_data.csv,schema_d2669a99bc63,653,653,0,0,0,0,0,0,matched,success,
SNL NCA.zip,SNL NCA/SNL_18650_NCA_25C_0-100_0.5-2C_a_cycle_data.csv,SNL_18650_NCA_25C_0-100_0.5-2C_a_cycle_data.csv,schema_d2669a99bc63,785,785,0,0,0,0,0,0,matched,success,
SNL NCA.zip,SNL NCA/SNL_18650_NCA_25C_0-100_0.5-2C_b_cycle_data.csv,SNL_18650_NCA_25C_0-100_0.5-2C_b_cycle_data.csv,schema_d2669a99bc63,785,785,0,0,0,0,0,0,matched,success,
SNL NCA.zip,SNL NCA/SNL_18650_NCA_25C_20-80_0.5-0.5C_a_cycle_data.csv,SNL_18650_NCA_25C_20-80_0.5-0.5C_a_cycle_data.csv,schema_d2669a99bc63,1161,1161,0,0,0,0,0,0,matched,success,
SNL NCA.zip,SNL NCA/SNL_18650_NCA_25C_20-80_0.5-0.5C_b_cycle_data.csv,SNL_18650_NCA_25C_20-80_0.5-0.5C_b_cycle_data.csv,schema_d2669a99bc63,1295,1295,0,0,0,0,0,0,matched,success,
SNL NCA.zip,SNL NCA/SNL_18650_NCA_25C_20-80_0.5-0.5C_c_cycle_data.csv,SNL_18650_NCA_25C_20-80_0.5-0.5C_c_cycle_data.csv,schema_d2669a99bc63,1293,1293,0,0,0,0,0,0,matched,success,
SNL NCA.zip,SNL NCA/SNL_18650_NCA_25C_20-80_0.5-0.5C_d_cycle_data.csv,SNL_18650_NCA_25C_20-80_0.5-0.5C_d_cycle_data.csv,schema_d2669a99bc63,1530,1530,0,0,0,0,0,0,matched,success,
SNL NCA.zip,SNL NCA/SNL_18650_NCA_25C_40-60_0.5-0.5C_a_cycle_data.csv,SNL_18650_NCA_25C_40-60_0.5-0.5C_a_cycle_data.csv,schema_d2669a99bc63,7878,7878,0,0,0,0,0,0,matched,success,
SNL NCA.zip,SNL NCA/SNL_18650_NCA_25C_40-60_0.5-0.5C_b_cycle_data.csv,SNL_18650_NCA_25C_40-60_0.5-0.5C_b_cycle_data.csv,schema_d2669a99bc63,6080,6080,0,0,0,0,0,0,matched,success,
SNL NCA.zip,SNL NCA/SNL_18650_NCA_35C_0-100_0.5-1C_a_cycle_data.csv,SNL_18650_NCA_35C_0-100_0.5-1C_a_cycle_data.csv,schema_d2669a99bc63,514,514,0,0,0,0,0,0,matched,success,
SNL NCA.zip,SNL NCA/SNL_18650_NCA_35C_0-100_0.5-1C_b_cycle_data.csv,SNL_18650_NCA_35C_0-100_0.5-1C_b_cycle_data.csv,schema_d2669a99bc63,463,463,0,0,0,0,0,0,matched,success,
SNL NCA.zip,SNL NCA/SNL_18650_NCA_35C_0-100_0.5-1C_c_cycle_data.csv,SNL_18650_NCA_35C_0-100_0.5-1C_c_cycle_data.csv,schema_d2669a99bc63,514,514,0,0,0,0,0,0,matched,success,
SNL NCA.zip,SNL NCA/SNL_18650_NCA_35C_0-100_0.5-1C_d_cycle_data.csv,SNL_18650_NCA_35C_0-100_0.5-1C_d_cycle_data.csv,schema_d2669a99bc63,653,653,0,0,0,0,0,0,matched,success,
SNL NCA.zip,SNL NCA/SNL_18650_NCA_35C_0-100_0.5-2C_a_cycle_data.csv,SNL_18650_NCA_35C_0-100_0.5-2C_a_cycle_data.csv,schema_d2669a99bc63,653,653,0,0,0,0,0,0,matched,success,
SNL NCA.zip,SNL NCA/SNL_18650_NCA_35C_0-100_0.5-2C_b_cycle_data.csv,SNL_18650_NCA_35C_0-100_0.5-2C_b_cycle_data.csv,schema_d2669a99bc63,785,785,0,0,0,0,0,0,matched,success,
SNL NMC.zip,SNL NMC/SNL_18650_NMC_15C_0-100_0.5-1C_a_cycle_data.csv,SNL_18650_NMC_15C_0-100_0.5-1C_a_cycle_data.csv,schema_d2669a99bc63,512,512,0,0,0,0,0,0,matched,success,
SNL NMC.zip,SNL NMC/SNL_18650_NMC_15C_0-100_0.5-1C_b_cycle_data.csv,SNL_18650_NMC_15C_0-100_0.5-1C_b_cycle_data.csv,schema_d2669a99bc63,512,512,0,0,0,0,0,0,matched,success,
SNL NMC.zip,SNL NMC/SNL_18650_NMC_15C_0-100_0.5-2C_a_cycle_data.csv,SNL_18650_NMC_15C_0-100_0.5-2C_a_cycle_data.csv,schema_d2669a99bc63,388,388,0,0,0,0,0,0,matched,success,
SNL NMC.zip,SNL NMC/SNL_18650_NMC_15C_0-100_0.5-2C_b_cycle_data.csv,SNL_18650_NMC_15C_0-100_0.5-2C_b_cycle_data.csv,schema_d2669a99bc63,388,388,0,0,0,0,0,0,matched,success,
SNL NMC.zip,SNL NMC/SNL_18650_NMC_25C_0-100_0.5-0.5C_a_cycle_data.csv,SNL_18650_NMC_25C_0-100_0.5-0.5C_a_cycle_data.csv,schema_d2669a99bc63,552,552,0,0,0,0,0,0,matched,success,
SNL NMC.zip,SNL NMC/SNL_18650_NMC_25C_0-100_0.5-0.5C_b_cycle_data.csv,SNL_18650_NMC_25C_0-100_0.5-0.5C_b_cycle_data.csv,schema_d2669a99bc63,678,678,0,0,0,0,0,0,matched,success,
SNL NMC.zip,SNL NMC/SNL_18650_NMC_25C_0-100_0.5-1C_a_cycle_data.csv,SNL_18650_NMC_25C_0-100_0.5-1C_a_cycle_data.csv,schema_d2669a99bc63,520,520,0,0,0,0,0,0,matched,success,
SNL NMC.zip,SNL NMC/SNL_18650_NMC_25C_0-100_0.5-1C_b_cycle_data.csv,SNL_18650_NMC_25C_0-100_0.5-1C_b_cycle_data.csv,schema_d2669a99bc63,784,784,0,0,0,0,0,0,matched,success,
SNL NMC.zip,SNL NMC/SNL_18650_NMC_25C_0-100_0.5-1C_c_cycle_data.csv,SNL_18650_NMC_25C_0-100_0.5-1C_c_cycle_data.csv,schema_d2669a99bc63,396,396,0,0,0,0,0,0,matched,success,
SNL NMC.zip,SNL NMC/SNL_18650_NMC_25C_0-100_0.5-1C_d_cycle_data.csv,SNL_18650_NMC_25C_0-100_0.5-1C_d_cycle_data.csv,schema_d2669a99bc63,528,528,0,0,0,0,0,0,matched,success,
SNL NMC.zip,SNL NMC/SNL_18650_NMC_25C_0-100_0.5-2C_a_cycle_data.csv,SNL_18650_NMC_25C_0-100_0.5-2C_a_cycle_data.csv,schema_d2669a99bc63,660,660,0,0,0,0,0,0,matched,success,
SNL NMC.zip,SNL NMC/SNL_18650_NMC_25C_0-100_0.5-2C_b_cycle_data.csv,SNL_18650_NMC_25C_0-100_0.5-2C_b_cycle_data.csv,schema_d2669a99bc63,1320,1320,0,0,0,0,0,0,matched,success,
SNL NMC.zip,SNL NMC/SNL_18650_NMC_25C_0-100_0.5-3C_a_cycle_data.csv,SNL_18650_NMC_25C_0-100_0.5-3C_a_cycle_data.csv,schema_d2669a99bc63,729,729,0,0,0,0,0,0,matched,success,
SNL NMC.zip,SNL NMC/SNL_18650_NMC_25C_0-100_0.5-3C_b_cycle_data.csv,SNL_18650_NMC_25C_0-100_0.5-3C_b_cycle_data.csv,schema_d2669a99bc63,551,551,0,0,0,0,0,0,matched,success,
SNL NMC.zip,SNL NMC/SNL_18650_NMC_25C_0-100_0.5-3C_c_cycle_data.csv,SNL_18650_NMC_25C_0-100_0.5-3C_c_cycle_data.csv,schema_d2669a99bc63,697,697,0,0,0,0,0,0,matched,success,
SNL NMC.zip,SNL NMC/SNL_18650_NMC_25C_0-100_0.5-3C_d_cycle_data.csv,SNL_18650_NMC_25C_0-100_0.5-3C_d_cycle_data.csv,schema_d2669a99bc63,904,904,0,0,0,0,0,0,matched,success,
SNL NMC.zip,SNL NMC/SNL_18650_NMC_25C_20-80_0.5-0.5C_a_cycle_data.csv,SNL_18650_NMC_25C_20-80_0.5-0.5C_a_cycle_data.csv,schema_d2669a99bc63,4350,4350,0,0,0,0,0,0,matched,success,
SNL NMC.zip,SNL NMC/SNL_18650_NMC_25C_20-80_0.5-0.5C_b_cycle_data.csv,SNL_18650_NMC_25C_20-80_0.5-0.5C_b_cycle_data.csv,schema_d2669a99bc63,3630,3630,0,0,0,0,0,0,matched,success,
SNL NMC.zip,SNL NMC/SNL_18650_NMC_25C_20-80_0.5-0.5C_c_cycle_data.csv,SNL_18650_NMC_25C_20-80_0.5-0.5C_c_cycle_data.csv,schema_d2669a99bc63,1430,1430,0,0,0,0,0,0,matched,success,
SNL NMC.zip,SNL NMC/SNL_18650_NMC_25C_20-80_0.5-0.5C_d_cycle_data.csv,SNL_18650_NMC_25C_20-80_0.5-0.5C_d_cycle_data.csv,schema_d2669a99bc63,3359,3359,0,0,0,0,0,0,matched,success,
SNL NMC.zip,SNL NMC/SNL_18650_NMC_25C_20-80_0.5-3C_a_cycle_data.csv,SNL_18650_NMC_25C_20-80_0.5-3C_a_cycle_data.csv,schema_d2669a99bc63,3652,3652,0,0,0,0,0,0,matched,success,
SNL NMC.zip,SNL NMC/SNL_18650_NMC_25C_20-80_0.5-3C_b_cycle_data.csv,SNL_18650_NMC_25C_20-80_0.5-3C_b_cycle_data.csv,schema_d2669a99bc63,1128,1128,0,0,0,0,0,0,matched,success,
SNL NMC.zip,SNL NMC/SNL_18650_NMC_25C_40-60_0.5-0.5C_a_cycle_data.csv,SNL_18650_NMC_25C_40-60_0.5-0.5C_a_cycle_data.csv,schema_d2669a99bc63,11171,11171,0,0,0,0,0,0,matched,success,
SNL NMC.zip,SNL NMC/SNL_18650_NMC_25C_40-60_0.5-0.5C_b_cycle_data.csv,SNL_18650_NMC_25C_40-60_0.5-0.5C_b_cycle_data.csv,schema_d2669a99bc63,9139,9139,0,0,0,0,0,0,matched,success,
SNL NMC.zip,SNL NMC/SNL_18650_NMC_25C_40-60_0.5-3C_a_cycle_data.csv,SNL_18650_NMC_25C_40-60_0.5-3C_a_cycle_data.csv,schema_d2669a99bc63,12917,12917,0,0,0,0,0,0,matched,success,
SNL NMC.zip,SNL NMC/SNL_18650_NMC_25C_40-60_0.5-3C_b_cycle_data.csv,SNL_18650_NMC_25C_40-60_0.5-3C_b_cycle_data.csv,schema_d2669a99bc63,11148,11148,0,0,0,0,0,0,matched,success,
SNL NMC.zip,SNL NMC/SNL_18650_NMC_35C_0-100_0.5-1C_a_cycle_data.csv,SNL_18650_NMC_35C_0-100_0.5-1C_a_cycle_data.csv,schema_d2669a99bc63,785,785,0,0,0,0,0,0,matched,success,
SNL NMC.zip,SNL NMC/SNL_18650_NMC_35C_0-100_0.5-1C_b_cycle_data.csv,SNL_18650_NMC_35C_0-100_0.5-1C_b_cycle_data.csv,schema_d2669a99bc63,785,785,0,0,0,0,0,0,matched,success,
SNL NMC.zip,SNL NMC/SNL_18650_NMC_35C_0-100_0.5-1C_c_cycle_data.csv,SNL_18650_NMC_35C_0-100_0.5-1C_c_cycle_data.csv,schema_d2669a99bc63,784,784,0,0,0,0,0,0,matched,success,
SNL NMC.zip,SNL NMC/SNL_18650_NMC_35C_0-100_0.5-1C_d_cycle_data.csv,SNL_18650_NMC_35C_0-100_0.5-1C_d_cycle_data.csv,schema_d2669a99bc63,785,785,0,0,0,0,0,0,matched,success,
SNL NMC.zip,SNL NMC/SNL_18650_NMC_35C_0-100_0.5-2C_a_cycle_data.csv,SNL_18650_NMC_35C_0-100_0.5-2C_a_cycle_data.csv,schema_d2669a99bc63,785,785,0,0,0,0,0,0,matched,success,
SNL NMC.zip,SNL NMC/SNL_18650_NMC_35C_0-100_0.5-2C_b_cycle_data.csv,SNL_18650_NMC_35C_0-100_0.5-2C_b_cycle_data.csv,schema_d2669a99bc63,771,771,0,0,0,0,0,0,matched,success,
UL-Purdue.zip,UL-Purdue/UL-PUR_CF10DPA_pouch_NCA_25C_0-100_1-1C_n_cycle_data.csv,UL-PUR_CF10DPA_pouch_NCA_25C_0-100_1-1C_n_cycle_data.csv,schema_63d0cb98b657,486,486,0,0,0,0,0,0,matched,success,
UL-Purdue.zip,UL-Purdue/UL-PUR_N10-EX9_18650_NCA_23C_0-100_0.5-0.5C_i_cycle_data.csv,UL-PUR_N10-EX9_18650_NCA_23C_0-100_0.5-0.5C_i_cycle_data.csv,schema_63d0cb98b657,205,205,0,0,0,0,0,0,matched,success,
UL-Purdue.zip,UL-Purdue/UL-PUR_N10-NA7_18650_NCA_23C_0-100_0.5-0.5C_g_cycle_data.csv,UL-PUR_N10-NA7_18650_NCA_23C_0-100_0.5-0.5C_g_cycle_data.csv,schema_63d0cb98b657,175,175,0,0,0,0,0,0,matched,success,
UL-Purdue.zip,UL-Purdue/UL-PUR_N10-OV8_18650_NCA_23C_0-100_0.5-0.5C_h_cycle_data.csv,UL-PUR_N10-OV8_18650_NCA_23C_0-100_0.5-0.5C_h_cycle_data.csv,schema_63d0cb98b657,202,202,0,0,0,0,0,0,matched,success,
UL-Purdue.zip,UL-Purdue/UL-PUR_N15-EX4_18650_NCA_23C_0-100_0.5-0.5C_d_cycle_data.csv,UL-PUR_N15-EX4_18650_NCA_23C_0-100_0.5-0.5C_d_cycle_data.csv,schema_63d0cb98b657,235,235,0,0,0,0,0,0,matched,success,
UL-Purdue.zip,UL-Purdue/UL-PUR_N15-NA10_18650_NCA_23C_0-100_0.5-0.5C_j_cycle_data.csv,UL-PUR_N15-NA10_18650_NCA_23C_0-100_0.5-0.5C_j_cycle_data.csv,schema_63d0cb98b657,270,270,0,0,0,0,0,0,matched,success,
UL-Purdue.zip,UL-Purdue/UL-PUR_N15-OV3_18650_NCA_23C_0-100_0.5-0.5C_c_cycle_data.csv,UL-PUR_N15-OV3_18650_NCA_23C_0-100_0.5-0.5C_c_cycle_data.csv,schema_63d0cb98b657,202,202,0,0,0,0,0,0,matched,success,
UL-Purdue.zip,UL-Purdue/UL-PUR_N20-EX2_18650_NCA_23C_0-100_0.5-0.5C_b_cycle_data.csv,UL-PUR_N20-EX2_18650_NCA_23C_0-100_0.5-0.5C_b_cycle_data.csv,schema_63d0cb98b657,320,320,0,0,0,0,0,0,matched,success,
UL-Purdue.zip,UL-Purdue/UL-PUR_N20-NA5_18650_NCA_23C_0-100_0.5-0.5C_e_cycle_data.csv,UL-PUR_N20-NA5_18650_NCA_23C_0-100_0.5-0.5C_e_cycle_data.csv,schema_63d0cb98b657,223,223,0,0,0,0,0,0,matched,success,
UL-Purdue.zip,UL-Purdue/UL-PUR_N20-NA6_18650_NCA_23C_0-100_0.5-0.5C_f_cycle_data.csv,UL-PUR_N20-NA6_18650_NCA_23C_0-100_0.5-0.5C_f_cycle_data.csv,schema_63d0cb98b657,222,222,0,0,0,0,0,0,matched,success,
UL-Purdue.zip,UL-Purdue/UL-PUR_N20-OV1_18650_NCA_23C_0-100_0.5-0.5C_a_cycle_data.csv,UL-PUR_N20-OV1_18650_NCA_23C_0-100_0.5-0.5C_a_cycle_data.csv,schema_63d0cb98b657,301,301,0,0,0,0,0,0,matched,success,
UL-Purdue.zip,UL-Purdue/UL-PUR_R10-EX6_18650_NCA_23C_2.5-96.5_0.5-0.5C_f_cycle_data.csv,UL-PUR_R10-EX6_18650_NCA_23C_2.5-96.5_0.5-0.5C_f_cycle_data.csv,schema_63d0cb98b657,325,325,0,0,0,0,0,0,matched,success,
UL-Purdue.zip,UL-Purdue/UL-PUR_R10-NA11_18650_NCA_23C_2.5-96.5_0.5-0.5C_k_cycle_data.csv,UL-PUR_R10-NA11_18650_NCA_23C_2.5-96.5_0.5-0.5C_k_cycle_data.csv,schema_63d0cb98b657,455,455,0,0,0,0,0,0,matched,success,
UL-Purdue.zip,UL-Purdue/UL-PUR_R10-OV5_18650_NCA_23C_2.5-96.5_0.5-0.5C_e_cycle_data.csv,UL-PUR_R10-OV5_18650_NCA_23C_2.5-96.5_0.5-0.5C_e_cycle_data.csv,schema_63d0cb98b657,268,268,0,0,0,0,0,0,matched,success,
UL-Purdue.zip,UL-Purdue/UL-PUR_R15-EX4_18650_NCA_23C_2.5-96.5_0.5-0.5C_d_cycle_data.csv,UL-PUR_R15-EX4_18650_NCA_23C_2.5-96.5_0.5-0.5C_d_cycle_data.csv,schema_63d0cb98b657,648,648,0,0,0,0,0,0,matched,success,
UL-Purdue.zip,UL-Purdue/UL-PUR_R15-NA10_18650_NCA_23C_2.5-96.5_0.5-0.5C_j_cycle_data.csv,UL-PUR_R15-NA10_18650_NCA_23C_2.5-96.5_0.5-0.5C_j_cycle_data.csv,schema_63d0cb98b657,617,617,0,0,0,0,0,0,matched,success,
UL-Purdue.zip,UL-Purdue/UL-PUR_R15-OV3_18650_NCA_23C_2.5-96.5_0.5-0.5C_c_cycle_data.csv,UL-PUR_R15-OV3_18650_NCA_23C_2.5-96.5_0.5-0.5C_c_cycle_data.csv,schema_63d0cb98b657,652,652,0,0,0,0,0,0,matched,success,
UL-Purdue.zip,UL-Purdue/UL-PUR_R20-EX2_18650_NCA_23C_2.5-96.5_0.5-0.5C_b_cycle_data.csv,UL-PUR_R20-EX2_18650_NCA_23C_2.5-96.5_0.5-0.5C_b_cycle_data.csv,schema_63d0cb98b657,786,786,0,0,0,0,0,0,matched,success,
UL-Purdue.zip,UL-Purdue/UL-PUR_R20-NA7_18650_NCA_23C_2.5-96.5_0.5-0.5C_g_cycle_data.csv,UL-PUR_R20-NA7_18650_NCA_23C_2.5-96.5_0.5-0.5C_g_cycle_data.csv,schema_63d0cb98b657,801,801,0,0,0,0,0,0,matched,success,
UL-Purdue.zip,UL-Purdue/UL-PUR_R20-NA8_18650_NCA_23C_2.5-96.5_0.5-0.5C_h_cycle_data.csv,UL-PUR_R20-NA8_18650_NCA_23C_2.5-96.5_0.5-0.5C_h_cycle_data.csv,schema_63d0cb98b657,641,641,0,0,0,0,0,0,matched,success,
UL-Purdue.zip,UL-Purdue/UL-PUR_R20-NA9_18650_NCA_23C_2.5-96.5_0.5-0.5C_i_cycle_data.csv,UL-PUR_R20-NA9_18650_NCA_23C_2.5-96.5_0.5-0.5C_i_cycle_data.csv,schema_63d0cb98b657,649,649,0,0,0,0,0,0,matched,success,
UL-Purdue.zip,UL-Purdue/UL-PUR_R20-OV1_18650_NCA_23C_2.5-96.5_0.5-0.5C_a_cycle_data.csv,UL-PUR_R20-OV1_18650_NCA_23C_2.5-96.5_0.5-0.5C_a_cycle_data.csv,schema_63d0cb98b657,788,788,0,0,0,0,0,0,matched,success,
