mechanism_id,mechanism_family,possible_operator_role,current_implementation_status,requirement_count,overall_identifiability_status,supported_role,model_or_solver_executed,parameter_fitting_performed,claim_boundary
arrhenius_temperature_dependence,temperature_dependent_rate_relation,Evaluator,requirements_audit_only,5,not_identifiable_from_current_data,readiness_audit_only,false,false,activation energy estimated; Arrhenius behavior proven; causal temperature effect
capacity_fade_trajectory,empirical_degradation_trajectory,Evaluator,bounded_descriptive_candidate,4,bounded_empirical_evaluator_candidate,descriptive_evaluator,false,false,SEI mechanism proven; lifetime prediction; physical law confirmed
change_point_or_regime_transition,empirical_trajectory_shape,Evaluator,requirements_audit_only,2,descriptive_only,readiness_audit_only,false,false,mechanism confirmed; causal relation proven; production decision supported
charge_discharge_efficiency_relation,observable_balance_relation,Evaluator,requirements_audit_only,2,descriptive_only,readiness_audit_only,false,false,mechanism confirmed; causal relation proven; production decision supported
cycle_duration_capacity_coupling,observational_coupling,Evaluator,requirements_audit_only,3,descriptive_only,readiness_audit_only,false,false,mechanism confirmed; causal relation proven; production decision supported
diffusion_transport,transport_relation,Evaluator,requirements_audit_only,6,not_identifiable_from_current_data,readiness_audit_only,false,false,diffusion coefficient inferred; transport mechanism confirmed; internal concentration reconstructed
empirical_monotonic_degradation,empirical_trajectory_shape,Evaluator,requirements_audit_only,2,descriptive_only,descriptive_evaluator,false,false,mechanism confirmed; causal relation proven; production decision supported
observation_consistency_only,representation_quality,Evaluator,requirements_audit_only,2,descriptive_only,descriptive_evaluator,false,false,mechanism confirmed; causal relation proven; production decision supported
resistance_growth_trajectory,empirical_resistance_relation,Evaluator,requirements_audit_only,3,not_identifiable_from_current_data,readiness_audit_only,false,false,charge-transfer resistance estimated; diffusion impedance estimated; equivalent-circuit parameter fitted
temperature_capacity_coupling,observational_coupling,Evaluator,requirements_audit_only,3,descriptive_only,readiness_audit_only,false,false,mechanism confirmed; causal relation proven; production decision supported
