source,chemistry,form_factor,temperature_C,soc_window,charge_c_rate,discharge_c_rate,series_count,small_group_flag,median_last_observed_cycle,max_last_observed_cycle,median_final_retention_pct,median_min_retention_pct,reached_80pct_count,reached_80pct_rate,reached_70pct_count,reached_70pct_rate,observed_censored_80pct_count,observed_censored_70pct_count,median_persistent_cycle_below_80pct,median_persistent_cycle_below_70pct,warning_series_count,warning_series_rate,invalid_series_count,analysis_candidate_series_count,group_quality_message
CALCE,LCO,prism,25.0,0-100,0.5,0.5,7,False,1815.0,2016.0,41.28508124076809,0.0,7,100.0,7,100.0,0,0,689.0,1025.0,7,100.0,0,0,7 series with warnings
HNEI,NMC_LCO,18650,25.0,0-100,0.5,1.5,15,False,1108.0,1134.0,74.27664079040225,0.0,15,100.0,15,100.0,0,0,237.0,364.0,15,100.0,0,0,15 series with warnings
Michigan Expansion,NMC,pouch,-5.0,0-100,0.2,0.2,1,True,293.0,293.0,0.0,0.0,1,100.0,1,100.0,0,0,,,1,100.0,0,0,small group; interpret cautiously; 1 series with warnings
Michigan Expansion,NMC,pouch,-5.0,0-100,0.2,1.5,1,True,540.0,540.0,73.52779306549257,0.0,1,100.0,1,100.0,0,0,326.0,,1,100.0,0,0,small group; interpret cautiously; 1 series with warnings
Michigan Expansion,NMC,pouch,-5.0,0-100,1.5,1.5,1,True,573.0,573.0,25.968357883251496,25.80469176213857,1,100.0,1,100.0,0,0,288.0,370.0,0,0.0,0,1,small group; interpret cautiously
Michigan Expansion,NMC,pouch,-5.0,0-100,2.0,2.0,1,True,573.0,573.0,37.68494342906875,37.68494342906875,1,100.0,1,100.0,0,0,213.0,352.0,0,0.0,0,1,small group; interpret cautiously
Michigan Expansion,NMC,pouch,-5.0,50-100,0.2,0.2,1,True,452.0,452.0,84.14731785428341,0.0,1,100.0,1,100.0,0,0,,,1,100.0,0,0,small group; interpret cautiously; 1 series with warnings
Michigan Expansion,NMC,pouch,-5.0,50-100,0.2,1.5,1,True,557.0,557.0,100.0,0.0,1,100.0,1,100.0,0,0,,,1,100.0,0,0,small group; interpret cautiously; 1 series with warnings
Michigan Expansion,NMC,pouch,25.0,0-100,0.2,0.2,1,True,379.0,379.0,70.74774034511093,0.0,1,100.0,1,100.0,0,0,299.0,,1,100.0,0,0,small group; interpret cautiously; 1 series with warnings
Michigan Expansion,NMC,pouch,25.0,0-100,0.2,1.5,1,True,439.0,439.0,75.82781456953643,0.0,1,100.0,1,100.0,0,0,390.0,,1,100.0,0,0,small group; interpret cautiously; 1 series with warnings
Michigan Expansion,NMC,pouch,25.0,0-100,1.5,1.5,1,True,327.0,327.0,64.78354978354977,64.78354978354977,1,100.0,1,100.0,0,0,227.0,295.0,0,0.0,0,1,small group; interpret cautiously
Michigan Expansion,NMC,pouch,25.0,0-100,2.0,2.0,1,True,245.0,245.0,58.2824760244115,58.2824760244115,1,100.0,1,100.0,0,0,152.0,199.0,0,0.0,0,1,small group; interpret cautiously
Michigan Expansion,NMC,pouch,25.0,50-100,0.2,0.2,1,True,532.0,532.0,100.0,100.0,0,0.0,0,0.0,1,1,,,0,0.0,0,1,small group; interpret cautiously; 1 censored at 80pct
Michigan Expansion,NMC,pouch,25.0,50-100,0.2,1.5,1,True,532.0,532.0,100.0,100.0,0,0.0,0,0.0,1,1,,,0,0.0,0,1,small group; interpret cautiously; 1 censored at 80pct
Michigan Expansion,NMC,pouch,45.0,0-100,0.2,0.2,1,True,103.0,103.0,69.64359718193121,0.0,1,100.0,1,100.0,0,0,,,1,100.0,0,0,small group; interpret cautiously; 1 series with warnings
Michigan Expansion,NMC,pouch,45.0,0-100,0.2,1.5,1,True,182.0,182.0,0.0,0.0,1,100.0,1,100.0,0,0,136.0,180.0,1,100.0,0,0,small group; interpret cautiously; 1 series with warnings
Michigan Expansion,NMC,pouch,45.0,0-100,1.5,1.5,1,True,177.0,177.0,76.94386694386695,76.94386694386695,1,100.0,0,0.0,0,1,157.0,,0,0.0,0,1,small group; interpret cautiously
Michigan Expansion,NMC,pouch,45.0,0-100,2.0,2.0,1,True,175.0,175.0,63.18428750522358,63.18428750522358,1,100.0,1,100.0,0,0,120.0,154.0,0,0.0,0,1,small group; interpret cautiously
Michigan Expansion,NMC,pouch,45.0,50-100,0.2,0.2,1,True,171.0,171.0,0.0,0.0,1,100.0,1,100.0,0,0,,,1,100.0,0,0,small group; interpret cautiously; 1 series with warnings
Michigan Expansion,NMC,pouch,45.0,50-100,0.2,1.5,1,True,295.0,295.0,99.83929288871032,0.0,1,100.0,1,100.0,0,0,,,1,100.0,0,0,small group; interpret cautiously; 1 series with warnings
Michigan Formation,NMC,pouch,25.0,0-100,1.0,1.0,21,False,506.0,629.0,0.0,0.0,21,100.0,21,100.0,0,0,329.0,377.0,11,52.381,0,10,11 series with warnings
Michigan Formation,NMC,pouch,45.0,0-100,1.0,1.0,19,False,531.0,641.0,0.0,0.0,19,100.0,19,100.0,0,0,354.0,427.0,11,57.8947,0,8,11 series with warnings
Oxford,LCO,pouch,40.0,0-100,2.0,1.84,8,False,7900.0,8200.0,78.28895879987292,78.21883257266396,5,62.5,2,25.0,3,6,6800.0,,0,0.0,0,8,3 censored at 80pct
SNL LFP,LFP,18650,15.0,0-100,0.5,1.0,2,True,4052.0,4551.0,0.0,0.0,2,100.0,2,100.0,0,0,2620.0,2620.0,2,100.0,0,0,small group; interpret cautiously; 2 series with warnings
SNL LFP,LFP,18650,15.0,0-100,0.5,2.0,2,True,3757.5,3761.0,0.0,0.0,2,100.0,2,100.0,0,0,,,2,100.0,0,0,small group; interpret cautiously; 2 series with warnings
SNL LFP,LFP,18650,25.0,0-100,0.5,0.5,1,True,3050.0,3050.0,0.0,0.0,1,100.0,1,100.0,0,0,,,1,100.0,0,0,small group; interpret cautiously; 1 series with warnings
SNL LFP,LFP,18650,25.0,0-100,0.5,1.0,4,False,3291.5,3636.0,0.0,0.0,4,100.0,4,100.0,0,0,2622.5,2622.5,4,100.0,0,0,4 series with warnings
SNL LFP,LFP,18650,25.0,0-100,0.5,2.0,2,True,3797.0,4050.0,0.0,0.0,2,100.0,2,100.0,0,0,,,2,100.0,0,0,small group; interpret cautiously; 2 series with warnings
SNL LFP,LFP,18650,25.0,0-100,0.5,3.0,4,False,4062.0,4569.0,0.0,0.0,4,100.0,4,100.0,0,0,3476.5,,4,100.0,0,0,4 series with warnings
SNL LFP,LFP,18650,25.0,20-80,0.5,0.5,4,False,6983.5,8396.0,0.0,0.0,4,100.0,4,100.0,0,0,5.0,5.0,4,100.0,0,0,4 series with warnings
SNL LFP,LFP,18650,25.0,20-80,0.5,3.0,1,True,2959.0,2959.0,0.0,0.0,1,100.0,1,100.0,0,0,5.0,5.0,1,100.0,0,0,small group; interpret cautiously; 1 series with warnings
SNL LFP,LFP,18650,25.0,40-60,0.5,0.5,2,True,18670.5,19175.0,0.0,0.0,2,100.0,2,100.0,0,0,4.0,4.0,2,100.0,0,0,small group; interpret cautiously; 2 series with warnings
SNL LFP,LFP,18650,25.0,40-60,0.5,3.0,2,True,12124.5,12628.0,0.0,0.0,2,100.0,2,100.0,0,0,4.0,4.0,2,100.0,0,0,small group; interpret cautiously; 2 series with warnings
SNL LFP,LFP,18650,35.0,0-100,0.5,1.0,4,False,3342.0,3798.0,0.0,0.0,4,100.0,4,100.0,0,0,,,4,100.0,0,0,4 series with warnings
SNL LFP,LFP,18650,35.0,0-100,0.5,2.0,2,True,3727.0,3856.0,0.0,0.0,2,100.0,2,100.0,0,0,3506.0,,2,100.0,0,0,small group; interpret cautiously; 2 series with warnings
SNL NCA,NCA,18650,15.0,0-100,0.5,1.0,2,True,720.0,918.0,0.0,0.0,2,100.0,2,100.0,0,0,473.5,,2,100.0,0,0,small group; interpret cautiously; 2 series with warnings
SNL NCA,NCA,18650,15.0,0-100,0.5,2.0,2,True,850.0,916.0,0.0,0.0,2,100.0,2,100.0,0,0,237.5,529.0,2,100.0,0,0,small group; interpret cautiously; 2 series with warnings
SNL NCA,NCA,18650,25.0,0-100,0.5,0.5,2,True,714.5,916.0,11.192368839427662,0.0,2,100.0,2,100.0,0,0,139.5,261.0,2,100.0,0,0,small group; interpret cautiously; 2 series with warnings
SNL NCA,NCA,18650,25.0,0-100,0.5,1.0,4,False,588.0,654.0,0.0,0.0,4,100.0,4,100.0,0,0,409.5,,4,100.0,0,0,4 series with warnings
SNL NCA,NCA,18650,25.0,0-100,0.5,2.0,2,True,786.0,786.0,0.0,0.0,2,100.0,2,100.0,0,0,376.0,588.0,2,100.0,0,0,small group; interpret cautiously; 2 series with warnings
SNL NCA,NCA,18650,25.0,20-80,0.5,0.5,4,False,1293.0,1529.0,0.0,0.0,4,100.0,4,100.0,0,0,5.0,5.0,4,100.0,0,0,4 series with warnings
SNL NCA,NCA,18650,25.0,40-60,0.5,0.5,2,True,6979.0,7878.0,0.0,0.0,2,100.0,2,100.0,0,0,4.0,4.0,2,100.0,0,0,small group; interpret cautiously; 2 series with warnings
SNL NCA,NCA,18650,35.0,0-100,0.5,1.0,4,False,515.0,654.0,0.0,0.0,4,100.0,4,100.0,0,0,402.0,638.0,4,100.0,0,0,4 series with warnings
SNL NCA,NCA,18650,35.0,0-100,0.5,2.0,2,True,720.0,786.0,0.0,0.0,2,100.0,2,100.0,0,0,263.0,565.5,2,100.0,0,0,small group; interpret cautiously; 2 series with warnings
SNL NMC,NMC,18650,15.0,0-100,0.5,1.0,2,True,513.0,513.0,0.0,0.0,2,100.0,2,100.0,0,0,182.0,422.5,2,100.0,0,0,small group; interpret cautiously; 2 series with warnings
SNL NMC,NMC,18650,15.0,0-100,0.5,2.0,2,True,389.0,389.0,0.0,0.0,2,100.0,2,100.0,0,0,142.0,365.0,2,100.0,0,0,small group; interpret cautiously; 2 series with warnings
SNL NMC,NMC,18650,25.0,0-100,0.5,0.5,2,True,616.0,679.0,23.30801104972376,0.0,2,100.0,2,100.0,0,0,298.0,,2,100.0,0,0,small group; interpret cautiously; 2 series with warnings
SNL NMC,NMC,18650,25.0,0-100,0.5,1.0,4,False,525.0,785.0,0.0,0.0,4,100.0,4,100.0,0,0,465.0,,4,100.0,0,0,4 series with warnings
SNL NMC,NMC,18650,25.0,0-100,0.5,2.0,2,True,991.0,1321.0,0.0,0.0,2,100.0,2,100.0,0,0,874.5,,2,100.0,0,0,small group; interpret cautiously; 2 series with warnings
SNL NMC,NMC,18650,25.0,0-100,0.5,3.0,4,False,714.0,905.0,0.0,0.0,4,100.0,4,100.0,0,0,598.0,,4,100.0,0,0,4 series with warnings
SNL NMC,NMC,18650,25.0,20-80,0.5,0.5,4,False,3495.5,4351.0,0.0,0.0,4,100.0,4,100.0,0,0,5.0,5.0,4,100.0,0,0,4 series with warnings
SNL NMC,NMC,18650,25.0,20-80,0.5,3.0,2,True,2576.0,3610.0,0.0,0.0,2,100.0,2,100.0,0,0,756.0,763.0,2,100.0,0,0,small group; interpret cautiously; 2 series with warnings
SNL NMC,NMC,18650,25.0,40-60,0.5,0.5,2,True,10136.0,11150.0,0.0,0.0,2,100.0,2,100.0,0,0,4.0,4.0,2,100.0,0,0,small group; interpret cautiously; 2 series with warnings
SNL NMC,NMC,18650,25.0,40-60,0.5,3.0,2,True,12033.5,12918.0,10.194009530292716,0.0,2,100.0,2,100.0,0,0,4.0,4.0,2,100.0,0,0,small group; interpret cautiously; 2 series with warnings
SNL NMC,NMC,18650,35.0,0-100,0.5,1.0,4,False,786.0,786.0,0.0,0.0,4,100.0,4,100.0,0,0,590.5,,4,100.0,0,0,4 series with warnings
SNL NMC,NMC,18650,35.0,0-100,0.5,2.0,2,True,779.0,786.0,0.0,0.0,2,100.0,2,100.0,0,0,691.0,,2,100.0,0,0,small group; interpret cautiously; 2 series with warnings
UL-Purdue,NCA,18650,23.0,0-100,0.5,0.5,10,False,222.5,320.0,8.881905391994707,8.881905391994707,10,100.0,10,100.0,0,0,221.5,,5,50.0,0,5,5 series with warnings
UL-Purdue,NCA,18650,23.0,2.5-96.5,0.5,0.5,11,False,648.0,801.0,1.347190146266359,1.347190146266359,11,100.0,11,100.0,0,0,530.5,495.5,7,63.6364,0,4,7 series with warnings
UL-Purdue,NCA,pouch,25.0,0-100,1.0,1.0,1,True,486.0,486.0,0.0,0.0,1,100.0,1,100.0,0,0,227.0,,1,100.0,0,0,small group; interpret cautiously; 1 series with warnings
