schema_version,record_type,feature_set_id,split_strategy,model_variant,metric,median,mean,min,max,valid_split_count,status
2.2.5,feature_set_metric,known_structure_baseline_plus_structure_v1,chemical_system_group,dummy_median,mae,0.07954035922240033,0.08596816870177103,0.06769364893768808,0.13686467801354993,10,valid
2.2.5,feature_set_metric,known_structure_baseline_plus_structure_v1,chemical_system_group,dummy_median,rmse,0.12478799264849874,0.23245545850370003,0.1091130159075282,0.5717899954001286,10,valid
2.2.5,feature_set_metric,known_structure_baseline_plus_structure_v1,chemical_system_group,dummy_median,r2,-0.03503872352751791,-0.039796134450968926,-0.09009421007687801,-0.010031871893445343,10,valid
2.2.5,feature_set_metric,known_structure_baseline_plus_structure_v1,chemical_system_group,dummy_median,median_absolute_error,0.050156977903771126,0.04747270932060778,0.03360114774464581,0.0526328819642838,10,valid
2.2.5,feature_set_metric,known_structure_baseline_plus_structure_v1,chemical_system_group,histogram_gradient_boosting_log1p,mae,0.07189776282606256,0.08580712923124074,0.055199834374404955,0.15527041402817612,10,valid
2.2.5,feature_set_metric,known_structure_baseline_plus_structure_v1,chemical_system_group,histogram_gradient_boosting_log1p,rmse,0.11979211842705656,0.2236404990171792,0.08728797111612874,0.5578487647733221,10,valid
2.2.5,feature_set_metric,known_structure_baseline_plus_structure_v1,chemical_system_group,histogram_gradient_boosting_log1p,r2,0.012002791021042292,0.07793741208024728,-0.11679755336579234,0.41683541928725476,10,valid
2.2.5,feature_set_metric,known_structure_baseline_plus_structure_v1,chemical_system_group,histogram_gradient_boosting_log1p,median_absolute_error,0.03863804063231556,0.03984898277282599,0.03274617811535467,0.050855595031271385,10,valid
2.2.5,feature_set_metric,known_structure_baseline_plus_structure_v1,chemical_system_group,histogram_gradient_boosting_raw,mae,0.08474246066734237,0.09528943366312229,0.05756148009115375,0.16068822001815758,10,valid
2.2.5,feature_set_metric,known_structure_baseline_plus_structure_v1,chemical_system_group,histogram_gradient_boosting_raw,rmse,0.14840605141489868,0.24011747983148823,0.09922685777330714,0.5638419959468723,10,valid
2.2.5,feature_set_metric,known_structure_baseline_plus_structure_v1,chemical_system_group,histogram_gradient_boosting_raw,r2,-0.14007493763647438,-0.1805855691017339,-0.6971371706292779,0.15369029823436642,10,valid
2.2.5,feature_set_metric,known_structure_baseline_plus_structure_v1,chemical_system_group,histogram_gradient_boosting_raw,median_absolute_error,0.04710226253960663,0.04373525001508265,0.027854799731337886,0.05868149814751263,10,valid
2.2.5,feature_set_metric,known_structure_baseline_plus_structure_v1,chemical_system_group,ridge_log1p,mae,0.07641639163319972,19.514917058693037,0.06371452630200868,194.36005636167232,10,valid
2.2.5,feature_set_metric,known_structure_baseline_plus_structure_v1,chemical_system_group,ridge_log1p,rmse,0.12041572235579454,221.71781368056696,0.09999090365484249,2215.2012852017706,10,valid
2.2.5,feature_set_metric,known_structure_baseline_plus_structure_v1,chemical_system_group,ridge_log1p,r2,-0.005016092838709518,-6072426.969573699,-60724270.051736385,0.15252211777058988,10,valid
2.2.5,feature_set_metric,known_structure_baseline_plus_structure_v1,chemical_system_group,ridge_log1p,median_absolute_error,0.04532621046702347,0.04534634747742935,0.03914116815697737,0.05052459723145396,10,valid
2.2.5,feature_set_metric,known_structure_baseline_plus_structure_v1,chemical_system_group,ridge_raw,mae,0.09410262945650191,0.11659658029025725,0.07919727435092681,0.2434594420417332,10,valid
2.2.5,feature_set_metric,known_structure_baseline_plus_structure_v1,chemical_system_group,ridge_raw,rmse,0.14176001386514284,0.3713060120756209,0.11833613404911171,1.6017053220282478,10,valid
2.2.5,feature_set_metric,known_structure_baseline_plus_structure_v1,chemical_system_group,ridge_raw,r2,-0.21051058599765493,-3.278739112001797,-30.74688786321979,0.004084399362522473,10,valid
2.2.5,feature_set_metric,known_structure_baseline_plus_structure_v1,chemical_system_group,ridge_raw,median_absolute_error,0.05282050907022362,0.05434770975084966,0.0440608824652812,0.06887307993924877,10,valid
2.2.5,feature_set_metric,known_structure_baseline_plus_structure_v1,random,dummy_median,mae,0.09941185414119301,0.09837114064002109,0.05577004259807595,0.13338493261748208,10,valid
2.2.5,feature_set_metric,known_structure_baseline_plus_structure_v1,random,dummy_median,rmse,0.3276220648974787,0.3397360072669496,0.08902635179488963,0.5863828691753216,10,valid
2.2.5,feature_set_metric,known_structure_baseline_plus_structure_v1,random,dummy_median,r2,-0.03730900250410352,-0.0518538525197715,-0.12218440889261384,-0.023499139250943823,10,valid
2.2.5,feature_set_metric,known_structure_baseline_plus_structure_v1,random,dummy_median,median_absolute_error,0.04272984068831055,0.04227611474571198,0.0391943685705174,0.044633370540476655,10,valid
2.2.5,feature_set_metric,known_structure_baseline_plus_structure_v1,random,histogram_gradient_boosting_log1p,mae,0.10465371842546446,0.10220956581235555,0.06839732855172656,0.13018461098719228,10,valid
2.2.5,feature_set_metric,known_structure_baseline_plus_structure_v1,random,histogram_gradient_boosting_log1p,rmse,0.30536048838600266,0.34040564505230153,0.11886610889201561,0.5601385438113198,10,valid
2.2.5,feature_set_metric,known_structure_baseline_plus_structure_v1,random,histogram_gradient_boosting_log1p,r2,0.035002408314335876,-0.55379320203382,-5.5352890915795365,0.13269276027925203,10,valid
2.2.5,feature_set_metric,known_structure_baseline_plus_structure_v1,random,histogram_gradient_boosting_log1p,median_absolute_error,0.03454674815436821,0.03432138554527382,0.02560893924064302,0.03897683089829225,10,valid
2.2.5,feature_set_metric,known_structure_baseline_plus_structure_v1,random,histogram_gradient_boosting_raw,mae,0.12651511488747544,0.1246078327897775,0.09568003591465889,0.1496328105818177,10,valid
2.2.5,feature_set_metric,known_structure_baseline_plus_structure_v1,random,histogram_gradient_boosting_raw,rmse,0.3341729950950835,0.3660349287283701,0.17804330879617322,0.5708890164416631,10,valid
2.2.5,feature_set_metric,known_structure_baseline_plus_structure_v1,random,histogram_gradient_boosting_raw,r2,-0.046232741536908484,-1.4335447971765167,-11.698509336802914,0.15893789267649527,10,valid
2.2.5,feature_set_metric,known_structure_baseline_plus_structure_v1,random,histogram_gradient_boosting_raw,median_absolute_error,0.04225916741406417,0.04077443446086831,0.03316851234790569,0.046542360869868474,10,valid
2.2.5,feature_set_metric,known_structure_baseline_plus_structure_v1,random,ridge_log1p,mae,0.11307030958687536,10.40453311475422,0.07451663839413784,95.80755134366683,10,valid
2.2.5,feature_set_metric,known_structure_baseline_plus_structure_v1,random,ridge_log1p,rmse,0.35911852640473885,133.7482480770779,0.1161123850146798,1240.9033441594377,10,valid
2.2.5,feature_set_metric,known_structure_baseline_plus_structure_v1,random,ridge_log1p,r2,0.028196662357291902,-2383541.630182052,-23809061.829962306,0.08197619432948655,10,valid
2.2.5,feature_set_metric,known_structure_baseline_plus_structure_v1,random,ridge_log1p,median_absolute_error,0.0445018687905752,0.04531098288253735,0.037708088550195876,0.055581772269875894,10,valid
2.2.5,feature_set_metric,known_structure_baseline_plus_structure_v1,random,ridge_raw,mae,0.14395163992352578,0.15077169250100092,0.1080952011097261,0.20632227230054354,10,valid
2.2.5,feature_set_metric,known_structure_baseline_plus_structure_v1,random,ridge_raw,rmse,0.3476482953639135,0.48005413526374685,0.15908562857071107,1.2335246011492387,10,valid
2.2.5,feature_set_metric,known_structure_baseline_plus_structure_v1,random,ridge_raw,r2,-0.35886720034681596,-3.1051184026698637,-22.526754568329608,0.1394849082134374,10,valid
2.2.5,feature_set_metric,known_structure_baseline_plus_structure_v1,random,ridge_raw,median_absolute_error,0.064920605000608,0.06245445042896851,0.0472549643296463,0.07327311950360524,10,valid
2.2.5,feature_set_metric,known_structure_baseline_plus_structure_v1,reduced_formula_group,dummy_median,mae,0.09623608466467708,0.10773965744071949,0.07031962888385306,0.20280737272353086,10,valid
2.2.5,feature_set_metric,known_structure_baseline_plus_structure_v1,reduced_formula_group,dummy_median,rmse,0.31248952983465716,0.3940310034229938,0.17580204568055777,0.8256868033838808,10,valid
2.2.5,feature_set_metric,known_structure_baseline_plus_structure_v1,reduced_formula_group,dummy_median,r2,-0.034608371896942325,-0.04203843045356252,-0.07935681414129081,-0.023495290039547534,10,valid
2.2.5,feature_set_metric,known_structure_baseline_plus_structure_v1,reduced_formula_group,dummy_median,median_absolute_error,0.04351027014296195,0.041879640176551915,0.03310828092120446,0.04833797623127904,10,valid
2.2.5,feature_set_metric,known_structure_baseline_plus_structure_v1,reduced_formula_group,histogram_gradient_boosting_log1p,mae,0.10156969526976889,0.11456905705187855,0.08672566194153279,0.1951248177112749,10,valid
2.2.5,feature_set_metric,known_structure_baseline_plus_structure_v1,reduced_formula_group,histogram_gradient_boosting_log1p,rmse,0.3002833093284395,0.39058551167583144,0.1776835192057184,0.8065057039186927,10,valid
2.2.5,feature_set_metric,known_structure_baseline_plus_structure_v1,reduced_formula_group,histogram_gradient_boosting_log1p,r2,-0.011139933470739993,-0.04499624332769646,-0.419313271033388,0.07469217673156969,10,valid
2.2.5,feature_set_metric,known_structure_baseline_plus_structure_v1,reduced_formula_group,histogram_gradient_boosting_log1p,median_absolute_error,0.04035024287751818,0.0403745742050343,0.03134047508133025,0.049289894812581225,10,valid
2.2.5,feature_set_metric,known_structure_baseline_plus_structure_v1,reduced_formula_group,histogram_gradient_boosting_raw,mae,0.13188191761296408,0.1338133535096006,0.09594991445398156,0.20234828141106442,10,valid
2.2.5,feature_set_metric,known_structure_baseline_plus_structure_v1,reduced_formula_group,histogram_gradient_boosting_raw,rmse,0.32295197963086386,0.411891247421289,0.2198255693952458,0.8025538916827138,10,valid
2.2.5,feature_set_metric,known_structure_baseline_plus_structure_v1,reduced_formula_group,histogram_gradient_boosting_raw,r2,-0.053446146198817934,-0.28690603358905625,-1.0707462949117912,0.029302323928064644,10,valid
2.2.5,feature_set_metric,known_structure_baseline_plus_structure_v1,reduced_formula_group,histogram_gradient_boosting_raw,median_absolute_error,0.04470248404259847,0.047046124809042314,0.03877603017415464,0.06415354374158248,10,valid
2.2.5,feature_set_metric,known_structure_baseline_plus_structure_v1,reduced_formula_group,ridge_log1p,mae,0.1294752255262936,15.500769599004093,0.08903712136656093,99.89454833438649,10,valid
2.2.5,feature_set_metric,known_structure_baseline_plus_structure_v1,reduced_formula_group,ridge_log1p,rmse,0.5081166972654088,175.7994039643269,0.17711417520770886,1129.2781032783682,10,valid
2.2.5,feature_set_metric,known_structure_baseline_plus_structure_v1,reduced_formula_group,ridge_log1p,r2,0.03475835586451381,-1628064.7360277874,-11342957.777438253,0.1301557398834653,10,valid
2.2.5,feature_set_metric,known_structure_baseline_plus_structure_v1,reduced_formula_group,ridge_log1p,median_absolute_error,0.04934303551602513,0.05159301737237618,0.038754164811138456,0.06680630779621498,10,valid
2.2.5,feature_set_metric,known_structure_baseline_plus_structure_v1,reduced_formula_group,ridge_raw,mae,0.15854707093631965,0.1675383441669473,0.11868335128011907,0.2367165346654484,10,valid
2.2.5,feature_set_metric,known_structure_baseline_plus_structure_v1,reduced_formula_group,ridge_raw,rmse,0.5064226460923065,0.595756459147293,0.2096288628330115,1.4377245776954035,10,valid
2.2.5,feature_set_metric,known_structure_baseline_plus_structure_v1,reduced_formula_group,ridge_raw,r2,0.015108692383674627,-3.672329379047754,-18.32178528796648,0.0681915874746507,10,valid
2.2.5,feature_set_metric,known_structure_baseline_plus_structure_v1,reduced_formula_group,ridge_raw,median_absolute_error,0.06602548328308104,0.06917865558942492,0.04970332124274778,0.12558486666819005,10,valid
2.2.5,feature_set_metric,known_structure_composition_baseline_v1,chemical_system_group,dummy_median,mae,0.07954035922240033,0.08596816870177103,0.06769364893768808,0.13686467801354993,10,valid
2.2.5,feature_set_metric,known_structure_composition_baseline_v1,chemical_system_group,dummy_median,rmse,0.12478799264849874,0.23245545850370003,0.1091130159075282,0.5717899954001286,10,valid
2.2.5,feature_set_metric,known_structure_composition_baseline_v1,chemical_system_group,dummy_median,r2,-0.03503872352751791,-0.039796134450968926,-0.09009421007687801,-0.010031871893445343,10,valid
2.2.5,feature_set_metric,known_structure_composition_baseline_v1,chemical_system_group,dummy_median,median_absolute_error,0.050156977903771126,0.04747270932060778,0.03360114774464581,0.0526328819642838,10,valid
2.2.5,feature_set_metric,known_structure_composition_baseline_v1,chemical_system_group,histogram_gradient_boosting_log1p,mae,0.07277229775353755,0.08367917207861605,0.06199531601881786,0.14401760943977995,10,valid
2.2.5,feature_set_metric,known_structure_composition_baseline_v1,chemical_system_group,histogram_gradient_boosting_log1p,rmse,0.11597775540322575,0.22697182649884734,0.10401086700404953,0.5718512275520173,10,valid
2.2.5,feature_set_metric,known_structure_composition_baseline_v1,chemical_system_group,histogram_gradient_boosting_log1p,r2,0.03812118982716978,0.04966407505934426,-0.05401081973394084,0.20582608973423144,10,valid
2.2.5,feature_set_metric,known_structure_composition_baseline_v1,chemical_system_group,histogram_gradient_boosting_log1p,median_absolute_error,0.04140814029701041,0.040288513429032856,0.027939612025234498,0.051321032369744946,10,valid
2.2.5,feature_set_metric,known_structure_composition_baseline_v1,chemical_system_group,histogram_gradient_boosting_raw,mae,0.08035359187828647,0.09259269789187895,0.06960245311352244,0.142853513115071,10,valid
2.2.5,feature_set_metric,known_structure_composition_baseline_v1,chemical_system_group,histogram_gradient_boosting_raw,rmse,0.13257554557901152,0.23423457993749394,0.11078662295130585,0.5690037049805166,10,valid
2.2.5,feature_set_metric,known_structure_composition_baseline_v1,chemical_system_group,histogram_gradient_boosting_raw,r2,-0.04598416452917198,-0.07855218287857565,-0.4798841921314996,0.1218060267263048,10,valid
2.2.5,feature_set_metric,known_structure_composition_baseline_v1,chemical_system_group,histogram_gradient_boosting_raw,median_absolute_error,0.04814953949285057,0.04938642780855317,0.0322372396531993,0.06832988048209981,10,valid
2.2.5,feature_set_metric,known_structure_composition_baseline_v1,chemical_system_group,ridge_log1p,mae,0.07994549263960912,0.08861908782700159,0.07267503194444708,0.12955746309009114,10,valid
2.2.5,feature_set_metric,known_structure_composition_baseline_v1,chemical_system_group,ridge_log1p,rmse,0.11856657377145416,0.22730229212274913,0.10454443144373847,0.5639353378611848,10,valid
2.2.5,feature_set_metric,known_structure_composition_baseline_v1,chemical_system_group,ridge_log1p,r2,0.04052913373785516,0.03554266738859563,-0.03346774937783792,0.12166657458884478,10,valid
2.2.5,feature_set_metric,known_structure_composition_baseline_v1,chemical_system_group,ridge_log1p,median_absolute_error,0.053493551549077575,0.050949342071307246,0.02948962958395599,0.06635084355942111,10,valid
2.2.5,feature_set_metric,known_structure_composition_baseline_v1,chemical_system_group,ridge_raw,mae,0.09220982008160206,0.09935270146720185,0.08591305530128772,0.1359305655312772,10,valid
2.2.5,feature_set_metric,known_structure_composition_baseline_v1,chemical_system_group,ridge_raw,rmse,0.12871950141334526,0.23455871420507163,0.1154554908944408,0.5626718335634121,10,valid
2.2.5,feature_set_metric,known_structure_composition_baseline_v1,chemical_system_group,ridge_raw,r2,-0.07851659101981157,-0.08452007638484238,-0.18935468511900644,-0.0204443017353777,10,valid
2.2.5,feature_set_metric,known_structure_composition_baseline_v1,chemical_system_group,ridge_raw,median_absolute_error,0.0660631923727151,0.061969531985184345,0.03505100375683688,0.07861658878449795,10,valid
2.2.5,feature_set_metric,known_structure_composition_baseline_v1,random,dummy_median,mae,0.09941185414119301,0.09837114064002109,0.05577004259807595,0.13338493261748208,10,valid
2.2.5,feature_set_metric,known_structure_composition_baseline_v1,random,dummy_median,rmse,0.3276220648974787,0.3397360072669496,0.08902635179488963,0.5863828691753216,10,valid
2.2.5,feature_set_metric,known_structure_composition_baseline_v1,random,dummy_median,r2,-0.03730900250410352,-0.0518538525197715,-0.12218440889261384,-0.023499139250943823,10,valid
2.2.5,feature_set_metric,known_structure_composition_baseline_v1,random,dummy_median,median_absolute_error,0.04272984068831055,0.04227611474571198,0.0391943685705174,0.044633370540476655,10,valid
2.2.5,feature_set_metric,known_structure_composition_baseline_v1,random,histogram_gradient_boosting_log1p,mae,0.10026005497891877,0.09898589123198463,0.056147158562082404,0.1328087908925165,10,valid
2.2.5,feature_set_metric,known_structure_composition_baseline_v1,random,histogram_gradient_boosting_log1p,rmse,0.3100810899970007,0.33454821125190287,0.11116152863738507,0.5468782261996504,10,valid
2.2.5,feature_set_metric,known_structure_composition_baseline_v1,random,histogram_gradient_boosting_log1p,r2,0.05326781087334137,-0.3297025107953665,-3.2571561859715903,0.1603185676877783,10,valid
2.2.5,feature_set_metric,known_structure_composition_baseline_v1,random,histogram_gradient_boosting_log1p,median_absolute_error,0.030753018792951607,0.03152471484238807,0.0268599541879719,0.03856395686822055,10,valid
2.2.5,feature_set_metric,known_structure_composition_baseline_v1,random,histogram_gradient_boosting_raw,mae,0.11897740820235797,0.11507970872033577,0.06705874019087138,0.14823165213966488,10,valid
2.2.5,feature_set_metric,known_structure_composition_baseline_v1,random,histogram_gradient_boosting_raw,rmse,0.3238767387949806,0.36003874189151774,0.15131062960256692,0.5390407165512484,10,valid
2.2.5,feature_set_metric,known_structure_composition_baseline_v1,random,histogram_gradient_boosting_raw,r2,-0.19728732443241415,-1.3923756241694687,-11.214960397431318,0.3098222936130086,10,valid
2.2.5,feature_set_metric,known_structure_composition_baseline_v1,random,histogram_gradient_boosting_raw,median_absolute_error,0.03367637761005099,0.03527602882875139,0.030228611935817398,0.042024227538454625,10,valid
2.2.5,feature_set_metric,known_structure_composition_baseline_v1,random,ridge_log1p,mae,0.11219466709929152,0.1096114361146614,0.07637119281486625,0.1392669445997274,10,valid
2.2.5,feature_set_metric,known_structure_composition_baseline_v1,random,ridge_log1p,rmse,0.3177569492719282,0.3332863855226576,0.10630146531092236,0.5748446347129309,10,valid
2.2.5,feature_set_metric,known_structure_composition_baseline_v1,random,ridge_log1p,r2,0.013410849007279346,-0.04373951766486352,-0.4968687319452012,0.0654873034602621,10,valid
2.2.5,feature_set_metric,known_structure_composition_baseline_v1,random,ridge_log1p,median_absolute_error,0.0573444138664325,0.0558496488074531,0.04762448287150191,0.06324706040851596,10,valid
2.2.5,feature_set_metric,known_structure_composition_baseline_v1,random,ridge_raw,mae,0.13569382001360505,0.13477643182302615,0.10569436402367029,0.15698445580239498,10,valid
2.2.5,feature_set_metric,known_structure_composition_baseline_v1,random,ridge_raw,rmse,0.32100440489683324,0.3442787563371996,0.14519487851379706,0.5702660975700982,10,valid
2.2.5,feature_set_metric,known_structure_composition_baseline_v1,random,ridge_raw,r2,-0.02661362737226769,-0.3255169746974248,-2.3477865224580206,0.05960505202834232,10,valid
2.2.5,feature_set_metric,known_structure_composition_baseline_v1,random,ridge_raw,median_absolute_error,0.08287759366721625,0.08037623539906093,0.0686801176061994,0.0901038976381604,10,valid
2.2.5,feature_set_metric,known_structure_composition_baseline_v1,reduced_formula_group,dummy_median,mae,0.09623608466467708,0.10773965744071949,0.07031962888385306,0.20280737272353086,10,valid
2.2.5,feature_set_metric,known_structure_composition_baseline_v1,reduced_formula_group,dummy_median,rmse,0.31248952983465716,0.3940310034229938,0.17580204568055777,0.8256868033838808,10,valid
2.2.5,feature_set_metric,known_structure_composition_baseline_v1,reduced_formula_group,dummy_median,r2,-0.034608371896942325,-0.04203843045356252,-0.07935681414129081,-0.023495290039547534,10,valid
2.2.5,feature_set_metric,known_structure_composition_baseline_v1,reduced_formula_group,dummy_median,median_absolute_error,0.04351027014296195,0.041879640176551915,0.03310828092120446,0.04833797623127904,10,valid
2.2.5,feature_set_metric,known_structure_composition_baseline_v1,reduced_formula_group,histogram_gradient_boosting_log1p,mae,0.08555949090233825,0.10393085833247787,0.06924778043982274,0.19817663662078486,10,valid
2.2.5,feature_set_metric,known_structure_composition_baseline_v1,reduced_formula_group,histogram_gradient_boosting_log1p,rmse,0.30701076555867635,0.3857291643483517,0.16784370096438705,0.8099340129598763,10,valid
2.2.5,feature_set_metric,known_structure_composition_baseline_v1,reduced_formula_group,histogram_gradient_boosting_log1p,r2,0.008993154279868354,0.014623018676569077,-0.03195609256062659,0.09275095915972964,10,valid
2.2.5,feature_set_metric,known_structure_composition_baseline_v1,reduced_formula_group,histogram_gradient_boosting_log1p,median_absolute_error,0.03478668551391547,0.03440020603062743,0.025267441098996476,0.04220269933263977,10,valid
2.2.5,feature_set_metric,known_structure_composition_baseline_v1,reduced_formula_group,histogram_gradient_boosting_raw,mae,0.10438033894889578,0.11664268631185763,0.08590780693233821,0.20378440356391414,10,valid
2.2.5,feature_set_metric,known_structure_composition_baseline_v1,reduced_formula_group,histogram_gradient_boosting_raw,rmse,0.31372025023936745,0.3898070412894752,0.17886291261514292,0.8077145982410441,10,valid
2.2.5,feature_set_metric,known_structure_composition_baseline_v1,reduced_formula_group,histogram_gradient_boosting_raw,r2,-0.009681689301683782,-0.03730231360736101,-0.14393275131719552,0.043530732974103925,10,valid
2.2.5,feature_set_metric,known_structure_composition_baseline_v1,reduced_formula_group,histogram_gradient_boosting_raw,median_absolute_error,0.04500229573456507,0.043401738191784264,0.031077835924236692,0.05113561282733729,10,valid
2.2.5,feature_set_metric,known_structure_composition_baseline_v1,reduced_formula_group,ridge_log1p,mae,0.10546017185461082,0.11934049857461926,0.08996923357798284,0.21238313071036094,10,valid
2.2.5,feature_set_metric,known_structure_composition_baseline_v1,reduced_formula_group,ridge_log1p,rmse,0.30693345031754604,0.38482073200172084,0.17768536957113681,0.8132493096965725,10,valid
2.2.5,feature_set_metric,known_structure_composition_baseline_v1,reduced_formula_group,ridge_log1p,r2,0.022004000697375015,0.01116282271994582,-0.10260645032682136,0.07554822728897803,10,valid
2.2.5,feature_set_metric,known_structure_composition_baseline_v1,reduced_formula_group,ridge_log1p,median_absolute_error,0.054463088164707116,0.056733099910544295,0.04526209927512095,0.07607902823357557,10,valid
2.2.5,feature_set_metric,known_structure_composition_baseline_v1,reduced_formula_group,ridge_raw,mae,0.1327197537496217,0.1434473022407512,0.11178268311402914,0.22166036236993356,10,valid
2.2.5,feature_set_metric,known_structure_composition_baseline_v1,reduced_formula_group,ridge_raw,rmse,0.3137077882438208,0.39275785291099463,0.20995052333496858,0.8107666134381631,10,valid
2.2.5,feature_set_metric,known_structure_composition_baseline_v1,reduced_formula_group,ridge_raw,r2,0.012001142947019316,-0.10094946987944835,-0.9672020044046017,0.06524942108127618,10,valid
2.2.5,feature_set_metric,known_structure_composition_baseline_v1,reduced_formula_group,ridge_raw,median_absolute_error,0.0755098661238842,0.08254431120566504,0.05170615972095076,0.17549897605122494,10,valid
2.2.5,feature_set_metric,known_structure_composition_physics_v1,chemical_system_group,dummy_median,mae,0.07954035922240033,0.08596816870177103,0.06769364893768808,0.13686467801354993,10,valid
2.2.5,feature_set_metric,known_structure_composition_physics_v1,chemical_system_group,dummy_median,rmse,0.12478799264849874,0.23245545850370003,0.1091130159075282,0.5717899954001286,10,valid
2.2.5,feature_set_metric,known_structure_composition_physics_v1,chemical_system_group,dummy_median,r2,-0.03503872352751791,-0.039796134450968926,-0.09009421007687801,-0.010031871893445343,10,valid
2.2.5,feature_set_metric,known_structure_composition_physics_v1,chemical_system_group,dummy_median,median_absolute_error,0.050156977903771126,0.04747270932060778,0.03360114774464581,0.0526328819642838,10,valid
2.2.5,feature_set_metric,known_structure_composition_physics_v1,chemical_system_group,histogram_gradient_boosting_log1p,mae,0.07223680251360537,0.08379899196954564,0.05901139787154026,0.14507653138145712,10,valid
2.2.5,feature_set_metric,known_structure_composition_physics_v1,chemical_system_group,histogram_gradient_boosting_log1p,rmse,0.11410636645590659,0.2265525046913294,0.09925933648567067,0.5712515751597397,10,valid
2.2.5,feature_set_metric,known_structure_composition_physics_v1,chemical_system_group,histogram_gradient_boosting_log1p,r2,0.06219546902802803,0.05914631848640546,-0.05180147333266327,0.17979700935731946,10,valid
2.2.5,feature_set_metric,known_structure_composition_physics_v1,chemical_system_group,histogram_gradient_boosting_log1p,median_absolute_error,0.04505917013666459,0.04409776397133549,0.02956878350849882,0.05688644737252447,10,valid
2.2.5,feature_set_metric,known_structure_composition_physics_v1,chemical_system_group,histogram_gradient_boosting_raw,mae,0.08379791576784092,0.09304852741756515,0.06709694098072438,0.14901682381373654,10,valid
2.2.5,feature_set_metric,known_structure_composition_physics_v1,chemical_system_group,histogram_gradient_boosting_raw,rmse,0.13747014808831343,0.23620503879921673,0.1150018478940025,0.5717151801759756,10,valid
2.2.5,feature_set_metric,known_structure_composition_physics_v1,chemical_system_group,histogram_gradient_boosting_raw,r2,-0.049837294258959886,-0.11657020962879068,-0.6740818708094534,0.10471673902599776,10,valid
2.2.5,feature_set_metric,known_structure_composition_physics_v1,chemical_system_group,histogram_gradient_boosting_raw,median_absolute_error,0.04422936525096371,0.04747136787778874,0.025864776000077406,0.07124508552693858,10,valid
2.2.5,feature_set_metric,known_structure_composition_physics_v1,chemical_system_group,ridge_log1p,mae,0.08061025955586731,0.08939440983822558,0.07300857384031025,0.12991981808830275,10,valid
2.2.5,feature_set_metric,known_structure_composition_physics_v1,chemical_system_group,ridge_log1p,rmse,0.11958556296564116,0.22792962423708024,0.1044787386740873,0.5640356184112079,10,valid
2.2.5,feature_set_metric,known_structure_composition_physics_v1,chemical_system_group,ridge_log1p,r2,0.024198400251356667,0.028982815426213893,-0.03659400638564869,0.1183999860626469,10,valid
2.2.5,feature_set_metric,known_structure_composition_physics_v1,chemical_system_group,ridge_log1p,median_absolute_error,0.053793843456598614,0.0518012400272279,0.031423680689571895,0.06393133305376057,10,valid
2.2.5,feature_set_metric,known_structure_composition_physics_v1,chemical_system_group,ridge_raw,mae,0.09411819718664717,0.1009027768004748,0.0860990558343678,0.13567026073574034,10,valid
2.2.5,feature_set_metric,known_structure_composition_physics_v1,chemical_system_group,ridge_raw,rmse,0.13214376944191863,0.23624570816091744,0.1164259568303581,0.5628587523339901,10,valid
2.2.5,feature_set_metric,known_structure_composition_physics_v1,chemical_system_group,ridge_raw,r2,-0.1026655164558542,-0.11117808458190832,-0.24410234402690656,-0.02075583030303574,10,valid
2.2.5,feature_set_metric,known_structure_composition_physics_v1,chemical_system_group,ridge_raw,median_absolute_error,0.06742729010272142,0.06303119529519761,0.0352461246168608,0.08060534079257564,10,valid
2.2.5,feature_set_metric,known_structure_composition_physics_v1,random,dummy_median,mae,0.09941185414119301,0.09837114064002109,0.05577004259807595,0.13338493261748208,10,valid
2.2.5,feature_set_metric,known_structure_composition_physics_v1,random,dummy_median,rmse,0.3276220648974787,0.3397360072669496,0.08902635179488963,0.5863828691753216,10,valid
2.2.5,feature_set_metric,known_structure_composition_physics_v1,random,dummy_median,r2,-0.03730900250410352,-0.0518538525197715,-0.12218440889261384,-0.023499139250943823,10,valid
2.2.5,feature_set_metric,known_structure_composition_physics_v1,random,dummy_median,median_absolute_error,0.04272984068831055,0.04227611474571198,0.0391943685705174,0.044633370540476655,10,valid
2.2.5,feature_set_metric,known_structure_composition_physics_v1,random,histogram_gradient_boosting_log1p,mae,0.10031755652157406,0.09881320157928612,0.05576676082833712,0.13241727385860083,10,valid
2.2.5,feature_set_metric,known_structure_composition_physics_v1,random,histogram_gradient_boosting_log1p,rmse,0.3099066217094173,0.3350149756803399,0.11101651527243907,0.5475473746964251,10,valid
2.2.5,feature_set_metric,known_structure_composition_physics_v1,random,histogram_gradient_boosting_log1p,r2,0.053372314283102906,-0.3471136883696867,-3.4239603629014974,0.15831793354549406,10,valid
2.2.5,feature_set_metric,known_structure_composition_physics_v1,random,histogram_gradient_boosting_log1p,median_absolute_error,0.029197510724612283,0.029476756046412485,0.024077766613639643,0.03852649482482545,10,valid
2.2.5,feature_set_metric,known_structure_composition_physics_v1,random,histogram_gradient_boosting_raw,mae,0.11883873429509909,0.1142787875737298,0.06667344715882104,0.14743389735695187,10,valid
2.2.5,feature_set_metric,known_structure_composition_physics_v1,random,histogram_gradient_boosting_raw,rmse,0.3235593589320561,0.35986667421111,0.15248472773361266,0.5407563666081354,10,valid
2.2.5,feature_set_metric,known_structure_composition_physics_v1,random,histogram_gradient_boosting_raw,r2,-0.2045222272112061,-1.368568258008962,-10.9772609938772,0.3105630020407495,10,valid
2.2.5,feature_set_metric,known_structure_composition_physics_v1,random,histogram_gradient_boosting_raw,median_absolute_error,0.03280070924163845,0.03535852000879524,0.031597078807238096,0.04185853077825966,10,valid
2.2.5,feature_set_metric,known_structure_composition_physics_v1,random,ridge_log1p,mae,0.11252077589073166,0.10979702095740514,0.076950094811544,0.13921106248086035,10,valid
2.2.5,feature_set_metric,known_structure_composition_physics_v1,random,ridge_log1p,rmse,0.3178793408577215,0.33358571347471033,0.10702539480449835,0.5752236802501476,10,valid
2.2.5,feature_set_metric,known_structure_composition_physics_v1,random,ridge_log1p,r2,0.013123294847800338,-0.04800623833205121,-0.5173259712774587,0.06244815586796626,10,valid
2.2.5,feature_set_metric,known_structure_composition_physics_v1,random,ridge_log1p,median_absolute_error,0.05835821251809879,0.05639078111136927,0.04921134395067271,0.06407308815188041,10,valid
2.2.5,feature_set_metric,known_structure_composition_physics_v1,random,ridge_raw,mae,0.135848325135618,0.13548551326303832,0.10689604003719604,0.1572301085206123,10,valid
2.2.5,feature_set_metric,known_structure_composition_physics_v1,random,ridge_raw,rmse,0.32184272056132346,0.3451026086564737,0.1463823418647376,0.5708167494134258,10,valid
2.2.5,feature_set_metric,known_structure_composition_physics_v1,random,ridge_raw,r2,-0.03428655713322393,-0.3402962930928039,-2.4254687529402883,0.05894568587583782,10,valid
2.2.5,feature_set_metric,known_structure_composition_physics_v1,random,ridge_raw,median_absolute_error,0.08182568925680472,0.08070943618657012,0.06732736363125857,0.08874563894291235,10,valid
2.2.5,feature_set_metric,known_structure_composition_physics_v1,reduced_formula_group,dummy_median,mae,0.09623608466467708,0.10773965744071949,0.07031962888385306,0.20280737272353086,10,valid
2.2.5,feature_set_metric,known_structure_composition_physics_v1,reduced_formula_group,dummy_median,rmse,0.31248952983465716,0.3940310034229938,0.17580204568055777,0.8256868033838808,10,valid
2.2.5,feature_set_metric,known_structure_composition_physics_v1,reduced_formula_group,dummy_median,r2,-0.034608371896942325,-0.04203843045356252,-0.07935681414129081,-0.023495290039547534,10,valid
2.2.5,feature_set_metric,known_structure_composition_physics_v1,reduced_formula_group,dummy_median,median_absolute_error,0.04351027014296195,0.041879640176551915,0.03310828092120446,0.04833797623127904,10,valid
2.2.5,feature_set_metric,known_structure_composition_physics_v1,reduced_formula_group,histogram_gradient_boosting_log1p,mae,0.08700052415320497,0.10509416558184777,0.07071475928568301,0.19811267743786373,10,valid
2.2.5,feature_set_metric,known_structure_composition_physics_v1,reduced_formula_group,histogram_gradient_boosting_log1p,rmse,0.30664548920757795,0.3862386733143328,0.16906878393531063,0.8125446795736008,10,valid
2.2.5,feature_set_metric,known_structure_composition_physics_v1,reduced_formula_group,histogram_gradient_boosting_log1p,r2,0.005180077631877333,0.011179059964432757,-0.03650445336360808,0.1140337943827896,10,valid
2.2.5,feature_set_metric,known_structure_composition_physics_v1,reduced_formula_group,histogram_gradient_boosting_log1p,median_absolute_error,0.03506138399861089,0.03498522057522159,0.026400097951161258,0.04599632903751411,10,valid
2.2.5,feature_set_metric,known_structure_composition_physics_v1,reduced_formula_group,histogram_gradient_boosting_raw,mae,0.10145596603633962,0.11576599536159952,0.0827546802743696,0.20458004161462096,10,valid
2.2.5,feature_set_metric,known_structure_composition_physics_v1,reduced_formula_group,histogram_gradient_boosting_raw,rmse,0.3132165681307155,0.3900415010535128,0.1783806406044469,0.8089154430779726,10,valid
2.2.5,feature_set_metric,known_structure_composition_physics_v1,reduced_formula_group,histogram_gradient_boosting_raw,r2,-0.02696950322859981,-0.03478043239804387,-0.13086450818530881,0.042293515551573124,10,valid
2.2.5,feature_set_metric,known_structure_composition_physics_v1,reduced_formula_group,histogram_gradient_boosting_raw,median_absolute_error,0.03871747953988922,0.041369303695142766,0.030672783132866102,0.05160957159537495,10,valid
2.2.5,feature_set_metric,known_structure_composition_physics_v1,reduced_formula_group,ridge_log1p,mae,0.10636224988041712,0.11981125257712755,0.08991358500183746,0.2130211795373659,10,valid
2.2.5,feature_set_metric,known_structure_composition_physics_v1,reduced_formula_group,ridge_log1p,rmse,0.3086851657131814,0.38538605493026523,0.17862005330906364,0.813103294237497,10,valid
2.2.5,feature_set_metric,known_structure_composition_physics_v1,reduced_formula_group,ridge_log1p,r2,0.0180729371950899,0.006528673087657666,-0.11423710892792016,0.06772948596913286,10,valid
2.2.5,feature_set_metric,known_structure_composition_physics_v1,reduced_formula_group,ridge_log1p,median_absolute_error,0.05547880783465344,0.05698506869736246,0.043769886279886996,0.07647672500687186,10,valid
2.2.5,feature_set_metric,known_structure_composition_physics_v1,reduced_formula_group,ridge_raw,mae,0.13443356332296405,0.1444728152100977,0.11234129840511854,0.22260368954949983,10,valid
2.2.5,feature_set_metric,known_structure_composition_physics_v1,reduced_formula_group,ridge_raw,rmse,0.3162485333173155,0.39390730776002136,0.21117890742321227,0.8105602066688514,10,valid
2.2.5,feature_set_metric,known_structure_composition_physics_v1,reduced_formula_group,ridge_raw,r2,-0.003390045116129281,-0.11258929317768078,-1.0189831156520368,0.05427929560028455,10,valid
2.2.5,feature_set_metric,known_structure_composition_physics_v1,reduced_formula_group,ridge_raw,median_absolute_error,0.07566880927216024,0.0836491427719839,0.052543432940913765,0.17993119726422654,10,valid
2.2.5,feature_set_metric,known_structure_full_combined_v1,chemical_system_group,dummy_median,mae,0.07954035922240033,0.08596816870177103,0.06769364893768808,0.13686467801354993,10,valid
2.2.5,feature_set_metric,known_structure_full_combined_v1,chemical_system_group,dummy_median,rmse,0.12478799264849874,0.23245545850370003,0.1091130159075282,0.5717899954001286,10,valid
2.2.5,feature_set_metric,known_structure_full_combined_v1,chemical_system_group,dummy_median,r2,-0.03503872352751791,-0.039796134450968926,-0.09009421007687801,-0.010031871893445343,10,valid
2.2.5,feature_set_metric,known_structure_full_combined_v1,chemical_system_group,dummy_median,median_absolute_error,0.050156977903771126,0.04747270932060778,0.03360114774464581,0.0526328819642838,10,valid
2.2.5,feature_set_metric,known_structure_full_combined_v1,chemical_system_group,histogram_gradient_boosting_log1p,mae,0.07015997449845686,0.08492105556583687,0.05462266806527639,0.1536894927560896,10,valid
2.2.5,feature_set_metric,known_structure_full_combined_v1,chemical_system_group,histogram_gradient_boosting_log1p,rmse,0.11684407447565026,0.2219957371276188,0.08614827640068115,0.5588207696002196,10,valid
2.2.5,feature_set_metric,known_structure_full_combined_v1,chemical_system_group,histogram_gradient_boosting_log1p,r2,0.05676722688307306,0.10491867324977282,-0.11097888161167457,0.4319644374268544,10,valid
2.2.5,feature_set_metric,known_structure_full_combined_v1,chemical_system_group,histogram_gradient_boosting_log1p,median_absolute_error,0.039850512861808275,0.039698729078345006,0.030736160264605038,0.05017065687730533,10,valid
2.2.5,feature_set_metric,known_structure_full_combined_v1,chemical_system_group,histogram_gradient_boosting_raw,mae,0.0842455496427022,0.09613165931197,0.06256603443984834,0.16520203094898303,10,valid
2.2.5,feature_set_metric,known_structure_full_combined_v1,chemical_system_group,histogram_gradient_boosting_raw,rmse,0.14555775668669677,0.24011105198030808,0.10458860026339634,0.564360493522178,10,valid
2.2.5,feature_set_metric,known_structure_full_combined_v1,chemical_system_group,histogram_gradient_boosting_raw,r2,-0.12217011293269409,-0.18058191599984713,-0.7262682028964882,0.059758223829469714,10,valid
2.2.5,feature_set_metric,known_structure_full_combined_v1,chemical_system_group,histogram_gradient_boosting_raw,median_absolute_error,0.04391112366546622,0.044630512457712906,0.03120289718824921,0.06103451587278199,10,valid
2.2.5,feature_set_metric,known_structure_full_combined_v1,chemical_system_group,ridge_log1p,mae,0.07599299461924902,19.36694503916062,0.06287496010450874,192.88146253094692,10,valid
2.2.5,feature_set_metric,known_structure_full_combined_v1,chemical_system_group,ridge_log1p,rmse,0.1197980755213613,220.0314515047217,0.09929006721462336,2198.33747151611,10,valid
2.2.5,feature_set_metric,known_structure_full_combined_v1,chemical_system_group,ridge_log1p,r2,-0.00845475145013952,-5980322.93136229,-59803229.69312626,0.15810958574832168,10,valid
2.2.5,feature_set_metric,known_structure_full_combined_v1,chemical_system_group,ridge_log1p,median_absolute_error,0.04573742422135928,0.04519943746369938,0.0383337414583353,0.052223643616280555,10,valid
2.2.5,feature_set_metric,known_structure_full_combined_v1,chemical_system_group,ridge_raw,mae,0.09425846694272094,0.11695899623507153,0.07822548220735823,0.24520856432302449,10,valid
2.2.5,feature_set_metric,known_structure_full_combined_v1,chemical_system_group,ridge_raw,rmse,0.1413362800689547,0.3712951422041299,0.11811216531511008,1.5989655569531234,10,valid
2.2.5,feature_set_metric,known_structure_full_combined_v1,chemical_system_group,ridge_raw,r2,-0.227043622538998,-3.269270485921272,-30.63837274085928,0.0017295914971324766,10,valid
2.2.5,feature_set_metric,known_structure_full_combined_v1,chemical_system_group,ridge_raw,median_absolute_error,0.05526663287262962,0.05616543763641509,0.045351115317092,0.0655647341666654,10,valid
2.2.5,feature_set_metric,known_structure_full_combined_v1,random,dummy_median,mae,0.09941185414119301,0.09837114064002109,0.05577004259807595,0.13338493261748208,10,valid
2.2.5,feature_set_metric,known_structure_full_combined_v1,random,dummy_median,rmse,0.3276220648974787,0.3397360072669496,0.08902635179488963,0.5863828691753216,10,valid
2.2.5,feature_set_metric,known_structure_full_combined_v1,random,dummy_median,r2,-0.03730900250410352,-0.0518538525197715,-0.12218440889261384,-0.023499139250943823,10,valid
2.2.5,feature_set_metric,known_structure_full_combined_v1,random,dummy_median,median_absolute_error,0.04272984068831055,0.04227611474571198,0.0391943685705174,0.044633370540476655,10,valid
2.2.5,feature_set_metric,known_structure_full_combined_v1,random,histogram_gradient_boosting_log1p,mae,0.10358388224237083,0.1020458332069449,0.07076275406774235,0.1290960625755999,10,valid
2.2.5,feature_set_metric,known_structure_full_combined_v1,random,histogram_gradient_boosting_log1p,rmse,0.304021209813752,0.34068356809572076,0.12363188978549748,0.5572176006062222,10,valid
2.2.5,feature_set_metric,known_structure_full_combined_v1,random,histogram_gradient_boosting_log1p,r2,0.03287378003629582,-0.5916563414957192,-5.848462612267502,0.12449600241665493,10,valid
2.2.5,feature_set_metric,known_structure_full_combined_v1,random,histogram_gradient_boosting_log1p,median_absolute_error,0.03292870720157963,0.03379549117781569,0.02784580081610067,0.04102776405847458,10,valid
2.2.5,feature_set_metric,known_structure_full_combined_v1,random,histogram_gradient_boosting_raw,mae,0.12411916972325945,0.12489282623985802,0.09696135728242841,0.15049950138342416,10,valid
2.2.5,feature_set_metric,known_structure_full_combined_v1,random,histogram_gradient_boosting_raw,rmse,0.33207976472530043,0.366192234380708,0.1756356521132049,0.5685145461213733,10,valid
2.2.5,feature_set_metric,known_structure_full_combined_v1,random,histogram_gradient_boosting_raw,r2,-0.03816004785368876,-1.4165183545121096,-11.534164283221777,0.1360873557126281,10,valid
2.2.5,feature_set_metric,known_structure_full_combined_v1,random,histogram_gradient_boosting_raw,median_absolute_error,0.04170534733909108,0.041172221407688586,0.03451872124709228,0.04930515189496924,10,valid
2.2.5,feature_set_metric,known_structure_full_combined_v1,random,ridge_log1p,mae,0.11293713775676381,8.999579551838927,0.07417452275140828,82.57210485333357,10,valid
2.2.5,feature_set_metric,known_structure_full_combined_v1,random,ridge_log1p,rmse,0.3592842455048505,115.53666372999044,0.11571408625279016,1069.3504493102957,10,valid
2.2.5,feature_set_metric,known_structure_full_combined_v1,random,ridge_log1p,r2,0.02762909096103694,-1770175.5177288805,-17680985.952001955,0.08018878642502625,10,valid
2.2.5,feature_set_metric,known_structure_full_combined_v1,random,ridge_log1p,median_absolute_error,0.04389016469285626,0.04493859242680766,0.03804771079338712,0.0534607130750963,10,valid
2.2.5,feature_set_metric,known_structure_full_combined_v1,random,ridge_raw,mae,0.14483003877921624,0.15096757485972787,0.10816497275807715,0.20537228967509996,10,valid
2.2.5,feature_set_metric,known_structure_full_combined_v1,random,ridge_raw,rmse,0.3478828021759981,0.47562434283002364,0.15888202816899635,1.202451922578612,10,valid
2.2.5,feature_set_metric,known_structure_full_combined_v1,random,ridge_raw,r2,-0.3675954439779231,-2.992994086050995,-21.356398039357497,0.14003725312614923,10,valid
2.2.5,feature_set_metric,known_structure_full_combined_v1,random,ridge_raw,median_absolute_error,0.06531331583199165,0.0625695662717451,0.04957122009015011,0.07355051090387678,10,valid
2.2.5,feature_set_metric,known_structure_full_combined_v1,reduced_formula_group,dummy_median,mae,0.09623608466467708,0.10773965744071949,0.07031962888385306,0.20280737272353086,10,valid
2.2.5,feature_set_metric,known_structure_full_combined_v1,reduced_formula_group,dummy_median,rmse,0.31248952983465716,0.3940310034229938,0.17580204568055777,0.8256868033838808,10,valid
2.2.5,feature_set_metric,known_structure_full_combined_v1,reduced_formula_group,dummy_median,r2,-0.034608371896942325,-0.04203843045356252,-0.07935681414129081,-0.023495290039547534,10,valid
2.2.5,feature_set_metric,known_structure_full_combined_v1,reduced_formula_group,dummy_median,median_absolute_error,0.04351027014296195,0.041879640176551915,0.03310828092120446,0.04833797623127904,10,valid
2.2.5,feature_set_metric,known_structure_full_combined_v1,reduced_formula_group,histogram_gradient_boosting_log1p,mae,0.10121006777450771,0.11532996290294403,0.08792855501634238,0.1959318112075387,10,valid
2.2.5,feature_set_metric,known_structure_full_combined_v1,reduced_formula_group,histogram_gradient_boosting_log1p,rmse,0.2973854827176064,0.38954641367286336,0.17745099567632897,0.8029847082425048,10,valid
2.2.5,feature_set_metric,known_structure_full_combined_v1,reduced_formula_group,histogram_gradient_boosting_log1p,r2,-0.008062558602731418,-0.04329120136542871,-0.4287421116251653,0.07512946835297563,10,valid
2.2.5,feature_set_metric,known_structure_full_combined_v1,reduced_formula_group,histogram_gradient_boosting_log1p,median_absolute_error,0.04036853456406457,0.04123340697728394,0.02777027758021427,0.05131654421575544,10,valid
2.2.5,feature_set_metric,known_structure_full_combined_v1,reduced_formula_group,histogram_gradient_boosting_raw,mae,0.13138224606484672,0.13411322260393999,0.09261565498274431,0.20344054348485616,10,valid
2.2.5,feature_set_metric,known_structure_full_combined_v1,reduced_formula_group,histogram_gradient_boosting_raw,rmse,0.32151619746463395,0.4102318483459605,0.21817674288676278,0.8032172654121615,10,valid
2.2.5,feature_set_metric,known_structure_full_combined_v1,reduced_formula_group,histogram_gradient_boosting_raw,r2,-0.04125926786777001,-0.27783101835986673,-1.2274292135114235,0.051128896586407624,10,valid
2.2.5,feature_set_metric,known_structure_full_combined_v1,reduced_formula_group,histogram_gradient_boosting_raw,median_absolute_error,0.04551888994228617,0.04813184460338187,0.03648212533474542,0.0596937085416655,10,valid
2.2.5,feature_set_metric,known_structure_full_combined_v1,reduced_formula_group,ridge_log1p,mae,0.12945601599370443,13.557900020541728,0.08939164420218752,91.80792105029218,10,valid
2.2.5,feature_set_metric,known_structure_full_combined_v1,reduced_formula_group,ridge_log1p,rmse,0.5081459425818291,153.52052926100953,0.1766699275586381,1037.7857137723452,10,valid
2.2.5,feature_set_metric,known_structure_full_combined_v1,reduced_formula_group,ridge_log1p,r2,0.034673586147602964,-1266185.1881656977,-9579434.443515703,0.12430708582959826,10,valid
2.2.5,feature_set_metric,known_structure_full_combined_v1,reduced_formula_group,ridge_log1p,median_absolute_error,0.049617195125739304,0.05178977076432458,0.03844973012831125,0.0676601032169928,10,valid
2.2.5,feature_set_metric,known_structure_full_combined_v1,reduced_formula_group,ridge_raw,mae,0.15818362740656555,0.16703053170383822,0.11870563020937919,0.23503709635590697,10,valid
2.2.5,feature_set_metric,known_structure_full_combined_v1,reduced_formula_group,ridge_raw,rmse,0.5066226268658274,0.5873537346883686,0.20947673588008064,1.4055117306644245,10,valid
2.2.5,feature_set_metric,known_structure_full_combined_v1,reduced_formula_group,ridge_raw,r2,0.011497451205291387,-3.4301137533787873,-16.707688544046025,0.06825640390105903,10,valid
2.2.5,feature_set_metric,known_structure_full_combined_v1,reduced_formula_group,ridge_raw,median_absolute_error,0.06257113984966936,0.06866320066635123,0.05031797893191559,0.11866336581873291,10,valid
2.2.5,feature_set_metric,known_structure_structure_only_v1,chemical_system_group,dummy_median,mae,0.07954035922240033,0.08596816870177103,0.06769364893768808,0.13686467801354993,10,valid
2.2.5,feature_set_metric,known_structure_structure_only_v1,chemical_system_group,dummy_median,rmse,0.12478799264849874,0.23245545850370003,0.1091130159075282,0.5717899954001286,10,valid
2.2.5,feature_set_metric,known_structure_structure_only_v1,chemical_system_group,dummy_median,r2,-0.03503872352751791,-0.039796134450968926,-0.09009421007687801,-0.010031871893445343,10,valid
2.2.5,feature_set_metric,known_structure_structure_only_v1,chemical_system_group,dummy_median,median_absolute_error,0.050156977903771126,0.04747270932060778,0.03360114774464581,0.0526328819642838,10,valid
2.2.5,feature_set_metric,known_structure_structure_only_v1,chemical_system_group,histogram_gradient_boosting_log1p,mae,0.07579472210234184,0.09161378498254265,0.059455444840821235,0.17494086827352853,10,valid
2.2.5,feature_set_metric,known_structure_structure_only_v1,chemical_system_group,histogram_gradient_boosting_log1p,rmse,0.12317618550117596,0.2273079243289434,0.09669095566032529,0.564915860771874,10,valid
2.2.5,feature_set_metric,known_structure_structure_only_v1,chemical_system_group,histogram_gradient_boosting_log1p,r2,-0.0017787831225662964,0.037250009063145274,-0.1620010442958233,0.2583947810025058,10,valid
2.2.5,feature_set_metric,known_structure_structure_only_v1,chemical_system_group,histogram_gradient_boosting_log1p,median_absolute_error,0.040694992132571106,0.044218895502564665,0.0347478650833332,0.07054279716246792,10,valid
2.2.5,feature_set_metric,known_structure_structure_only_v1,chemical_system_group,histogram_gradient_boosting_raw,mae,0.08874415807081854,0.10304606613980634,0.06593981541149767,0.19104245602562595,10,valid
2.2.5,feature_set_metric,known_structure_structure_only_v1,chemical_system_group,histogram_gradient_boosting_raw,rmse,0.16916220027861897,0.2485512940240356,0.11658240840769964,0.5642914917137064,10,valid
2.2.5,feature_set_metric,known_structure_structure_only_v1,chemical_system_group,histogram_gradient_boosting_raw,r2,-0.16419438980727752,-0.33353725088548913,-1.2007932776641987,-0.02632748121139472,10,valid
2.2.5,feature_set_metric,known_structure_structure_only_v1,chemical_system_group,histogram_gradient_boosting_raw,median_absolute_error,0.04481525245402029,0.050660146004957794,0.03535219449723047,0.09020902849986812,10,valid
2.2.5,feature_set_metric,known_structure_structure_only_v1,chemical_system_group,ridge_log1p,mae,0.07822961902649213,2.6846577962642444,0.0649841340865567,26.030118140344932,10,valid
2.2.5,feature_set_metric,known_structure_structure_only_v1,chemical_system_group,ridge_log1p,rmse,0.11876248475846225,29.793898919642476,0.10260047802581018,295.9608031400228,10,valid
2.2.5,feature_set_metric,known_structure_structure_only_v1,chemical_system_group,ridge_log1p,r2,0.005731292886796302,-108393.64035281996,-1083936.6838361078,0.11784335262839274,10,valid
2.2.5,feature_set_metric,known_structure_structure_only_v1,chemical_system_group,ridge_log1p,median_absolute_error,0.04588021140345544,0.04711420086105501,0.036599837514506475,0.06131823975689973,10,valid
2.2.5,feature_set_metric,known_structure_structure_only_v1,chemical_system_group,ridge_raw,mae,0.1029568754721874,0.11684378882192595,0.07735570043259021,0.20001136725672836,10,valid
2.2.5,feature_set_metric,known_structure_structure_only_v1,chemical_system_group,ridge_raw,rmse,0.15010084207048097,0.32902043192372454,0.12469099081553946,1.1339242667813743,10,valid
2.2.5,feature_set_metric,known_structure_structure_only_v1,chemical_system_group,ridge_raw,r2,-0.34915325701295374,-1.7821680205659658,-14.911239757806733,0.010884453028186747,10,valid
2.2.5,feature_set_metric,known_structure_structure_only_v1,chemical_system_group,ridge_raw,median_absolute_error,0.05566210897315707,0.05511784698483955,0.03806635557291835,0.0655740474189768,10,valid
2.2.5,feature_set_metric,known_structure_structure_only_v1,random,dummy_median,mae,0.09941185414119301,0.09837114064002109,0.05577004259807595,0.13338493261748208,10,valid
2.2.5,feature_set_metric,known_structure_structure_only_v1,random,dummy_median,rmse,0.3276220648974787,0.3397360072669496,0.08902635179488963,0.5863828691753216,10,valid
2.2.5,feature_set_metric,known_structure_structure_only_v1,random,dummy_median,r2,-0.03730900250410352,-0.0518538525197715,-0.12218440889261384,-0.023499139250943823,10,valid
2.2.5,feature_set_metric,known_structure_structure_only_v1,random,dummy_median,median_absolute_error,0.04272984068831055,0.04227611474571198,0.0391943685705174,0.044633370540476655,10,valid
2.2.5,feature_set_metric,known_structure_structure_only_v1,random,histogram_gradient_boosting_log1p,mae,0.10702125596329595,0.10815047224300951,0.07822371510327995,0.13664988659121247,10,valid
2.2.5,feature_set_metric,known_structure_structure_only_v1,random,histogram_gradient_boosting_log1p,rmse,0.3127556282949722,0.34006117161161786,0.14044986876940044,0.5635458237301817,10,valid
2.2.5,feature_set_metric,known_structure_structure_only_v1,random,histogram_gradient_boosting_log1p,r2,0.0186482928306545,-0.3589148434841326,-3.177253231268022,0.1028553861793553,10,valid
2.2.5,feature_set_metric,known_structure_structure_only_v1,random,histogram_gradient_boosting_log1p,median_absolute_error,0.04404498531741692,0.04311781661310285,0.035699888529957355,0.04907831115020893,10,valid
2.2.5,feature_set_metric,known_structure_structure_only_v1,random,histogram_gradient_boosting_raw,mae,0.1331519260577183,0.13021496909822114,0.0935108083934531,0.15412485265653664,10,valid
2.2.5,feature_set_metric,known_structure_structure_only_v1,random,histogram_gradient_boosting_raw,rmse,0.32307896212006726,0.36667640044317706,0.21510480843043997,0.5763265055193393,10,valid
2.2.5,feature_set_metric,known_structure_structure_only_v1,random,histogram_gradient_boosting_raw,r2,-0.027206597442468783,-1.209051249982097,-8.674039152755107,0.10745288970582756,10,valid
2.2.5,feature_set_metric,known_structure_structure_only_v1,random,histogram_gradient_boosting_raw,median_absolute_error,0.049253398196169376,0.04921582549833661,0.03923260837651129,0.05918295280547106,10,valid
2.2.5,feature_set_metric,known_structure_structure_only_v1,random,ridge_log1p,mae,0.11270406520141743,2.1577159653503144,0.07378590195904404,19.50160316319738,10,valid
2.2.5,feature_set_metric,known_structure_structure_only_v1,random,ridge_log1p,rmse,0.3630025937691707,26.8740335774743,0.11483327942727074,251.90392823537206,10,valid
2.2.5,feature_set_metric,known_structure_structure_only_v1,random,ridge_log1p,r2,0.01486755205070256,-98176.39093809432,-981150.9496949748,0.07027711317750795,10,valid
2.2.5,feature_set_metric,known_structure_structure_only_v1,random,ridge_log1p,median_absolute_error,0.045635665668922104,0.04851091507197973,0.04128369931104876,0.06355532925460387,10,valid
2.2.5,feature_set_metric,known_structure_structure_only_v1,random,ridge_raw,mae,0.13024774113921633,0.1357233294090978,0.09754538153983525,0.17547285968076165,10,valid
2.2.5,feature_set_metric,known_structure_structure_only_v1,random,ridge_raw,rmse,0.35527654416884247,0.41875637085865713,0.1509241926545153,0.9151053334869471,10,valid
2.2.5,feature_set_metric,known_structure_structure_only_v1,random,ridge_raw,r2,-0.1649819050673077,-1.6171313699759664,-11.948175113665977,0.10596830143721025,10,valid
2.2.5,feature_set_metric,known_structure_structure_only_v1,random,ridge_raw,median_absolute_error,0.057231571601608425,0.0587099289887291,0.050472749583953536,0.07149799471233075,10,valid
2.2.5,feature_set_metric,known_structure_structure_only_v1,reduced_formula_group,dummy_median,mae,0.09623608466467708,0.10773965744071949,0.07031962888385306,0.20280737272353086,10,valid
2.2.5,feature_set_metric,known_structure_structure_only_v1,reduced_formula_group,dummy_median,rmse,0.31248952983465716,0.3940310034229938,0.17580204568055777,0.8256868033838808,10,valid
2.2.5,feature_set_metric,known_structure_structure_only_v1,reduced_formula_group,dummy_median,r2,-0.034608371896942325,-0.04203843045356252,-0.07935681414129081,-0.023495290039547534,10,valid
2.2.5,feature_set_metric,known_structure_structure_only_v1,reduced_formula_group,dummy_median,median_absolute_error,0.04351027014296195,0.041879640176551915,0.03310828092120446,0.04833797623127904,10,valid
2.2.5,feature_set_metric,known_structure_structure_only_v1,reduced_formula_group,histogram_gradient_boosting_log1p,mae,0.10738771231987534,0.12045035845365688,0.08886246151842715,0.1971003313592773,10,valid
2.2.5,feature_set_metric,known_structure_structure_only_v1,reduced_formula_group,histogram_gradient_boosting_log1p,rmse,0.30665685720959435,0.38944955419911875,0.17977651698318128,0.8018845276305717,10,valid
2.2.5,feature_set_metric,known_structure_structure_only_v1,reduced_formula_group,histogram_gradient_boosting_log1p,r2,0.013696985390850569,-0.051958704009568646,-0.44764892584482796,0.1501536302513009,10,valid
2.2.5,feature_set_metric,known_structure_structure_only_v1,reduced_formula_group,histogram_gradient_boosting_log1p,median_absolute_error,0.04653217651743368,0.044581613117020094,0.03212145622222885,0.05619979386718154,10,valid
2.2.5,feature_set_metric,known_structure_structure_only_v1,reduced_formula_group,histogram_gradient_boosting_raw,mae,0.13926581012979594,0.14026376406868984,0.09493338968025689,0.20558445765606273,10,valid
2.2.5,feature_set_metric,known_structure_structure_only_v1,reduced_formula_group,histogram_gradient_boosting_raw,rmse,0.3334887123559416,0.4110909926183087,0.20610326038586257,0.8013326573101829,10,valid
2.2.5,feature_set_metric,known_structure_structure_only_v1,reduced_formula_group,histogram_gradient_boosting_raw,r2,-0.01420072048186416,-0.3057469232623066,-1.0436000350512664,0.08737469460127001,10,valid
2.2.5,feature_set_metric,known_structure_structure_only_v1,reduced_formula_group,histogram_gradient_boosting_raw,median_absolute_error,0.051278910070417356,0.051508333550886985,0.04053114120673168,0.07144251023327206,10,valid
2.2.5,feature_set_metric,known_structure_structure_only_v1,reduced_formula_group,ridge_log1p,mae,0.12860946222931227,2.851651181812195,0.09012464570366904,17.10408786538083,10,valid
2.2.5,feature_set_metric,known_structure_structure_only_v1,reduced_formula_group,ridge_log1p,rmse,0.5078531401477613,31.5600829451442,0.16642940784227747,192.59789879790674,10,valid
2.2.5,feature_set_metric,known_structure_structure_only_v1,reduced_formula_group,ridge_log1p,r2,0.0350016548164333,-51107.578848432815,-329933.42277140316,0.08735716395494864,10,valid
2.2.5,feature_set_metric,known_structure_structure_only_v1,reduced_formula_group,ridge_log1p,median_absolute_error,0.053864124217426146,0.05329481411163881,0.04129567159941511,0.06522949722382754,10,valid
2.2.5,feature_set_metric,known_structure_structure_only_v1,reduced_formula_group,ridge_raw,mae,0.14602812991447184,0.1518888625941137,0.1192867073604294,0.2029663625965427,10,valid
2.2.5,feature_set_metric,known_structure_structure_only_v1,reduced_formula_group,ridge_raw,rmse,0.5058964133696069,0.5193631907570373,0.18901828616105612,1.084859017379739,10,valid
2.2.5,feature_set_metric,known_structure_structure_only_v1,reduced_formula_group,ridge_raw,r2,-0.0018791253762911464,-1.8337746018797465,-9.468179131855676,0.06353753522451344,10,valid
2.2.5,feature_set_metric,known_structure_structure_only_v1,reduced_formula_group,ridge_raw,median_absolute_error,0.06501896206230019,0.06493143410697833,0.04952443736233566,0.07833618549678759,10,valid
