strategy,model_variant,metric,mean,median,std,min,max,valid_split_count,tie_policy
chemical_system_group,dummy_median,target_treatment,,,,,,0,sort by metric ascending then material_id for deterministic metric calculation
chemical_system_group,dummy_median,precision_at_10pct,0.6634831629568472,0.6923076923076923,0.1525560020741303,0.2894736842105263,0.9090909090909091,10,sort by metric ascending then material_id for deterministic metric calculation
chemical_system_group,dummy_median,recall_at_10pct,0.6634831629568472,0.6923076923076923,0.1525560020741303,0.2894736842105263,0.9090909090909091,10,sort by metric ascending then material_id for deterministic metric calculation
chemical_system_group,dummy_median,enrichment_factor_at_10pct,6.43476718177921,6.661666666666667,1.4639049230220371,2.8490304709141276,8.677685950413222,10,sort by metric ascending then material_id for deterministic metric calculation
chemical_system_group,dummy_median,exact_zero_target_recall_at_10pct,0.3010016336872815,0.2697505197505198,0.06957229953530145,0.2413793103448276,0.4878048780487805,10,sort by metric ascending then material_id for deterministic metric calculation
chemical_system_group,dummy_median,precision_at_20pct,0.5638541553835672,0.6076923076923078,0.11572492735054794,0.32,0.7142857142857143,10,sort by metric ascending then material_id for deterministic metric calculation
chemical_system_group,dummy_median,recall_at_20pct,0.5638541553835672,0.6076923076923078,0.11572492735054794,0.32,0.7142857142857143,10,sort by metric ascending then material_id for deterministic metric calculation
chemical_system_group,dummy_median,enrichment_factor_at_20pct,2.7807197297311186,3.0024615384615387,0.5774805233921725,1.5957333333333334,3.571428571428571,10,sort by metric ascending then material_id for deterministic metric calculation
chemical_system_group,dummy_median,exact_zero_target_recall_at_20pct,0.44623756514928037,0.46256684491978606,0.0777185462030381,0.3181818181818182,0.5769230769230769,10,sort by metric ascending then material_id for deterministic metric calculation
chemical_system_group,histogram_gradient_boosting_log1p,target_treatment,,,,,,0,sort by metric ascending then material_id for deterministic metric calculation
chemical_system_group,histogram_gradient_boosting_log1p,precision_at_10pct,0.1752453078768868,0.17692307692307693,0.11664838613964465,0.0,0.45454545454545453,10,sort by metric ascending then material_id for deterministic metric calculation
chemical_system_group,histogram_gradient_boosting_log1p,recall_at_10pct,0.1752453078768868,0.17692307692307693,0.11664838613964465,0.0,0.45454545454545453,10,sort by metric ascending then material_id for deterministic metric calculation
chemical_system_group,histogram_gradient_boosting_log1p,enrichment_factor_at_10pct,1.6964316947609095,1.6918934911242607,1.122900733721619,0.0,4.338842975206611,10,sort by metric ascending then material_id for deterministic metric calculation
chemical_system_group,histogram_gradient_boosting_log1p,exact_zero_target_recall_at_10pct,0.17810994892761578,0.1786420566908372,0.08640699812590567,0.034482758620689655,0.29411764705882354,10,sort by metric ascending then material_id for deterministic metric calculation
chemical_system_group,histogram_gradient_boosting_log1p,precision_at_20pct,0.3386084099613511,0.3907563025210084,0.15323284012606914,0.05555555555555555,0.5,10,sort by metric ascending then material_id for deterministic metric calculation
chemical_system_group,histogram_gradient_boosting_log1p,recall_at_20pct,0.3386084099613511,0.3907563025210084,0.15323284012606914,0.05555555555555555,0.5,10,sort by metric ascending then material_id for deterministic metric calculation
chemical_system_group,histogram_gradient_boosting_log1p,enrichment_factor_at_20pct,1.664846423510863,1.9330202669303016,0.749669241571339,0.27777777777777773,2.4250000000000003,10,sort by metric ascending then material_id for deterministic metric calculation
chemical_system_group,histogram_gradient_boosting_log1p,exact_zero_target_recall_at_20pct,0.3413651923942331,0.3822701688555347,0.1476988753531079,0.045454545454545456,0.5,10,sort by metric ascending then material_id for deterministic metric calculation
chemical_system_group,histogram_gradient_boosting_raw,target_treatment,,,,,,0,sort by metric ascending then material_id for deterministic metric calculation
chemical_system_group,histogram_gradient_boosting_raw,precision_at_10pct,0.15585766848924743,0.14358974358974358,0.1087515502090048,0.0,0.4,10,sort by metric ascending then material_id for deterministic metric calculation
chemical_system_group,histogram_gradient_boosting_raw,recall_at_10pct,0.15585766848924743,0.14358974358974358,0.1087515502090048,0.0,0.4,10,sort by metric ascending then material_id for deterministic metric calculation
chemical_system_group,histogram_gradient_boosting_raw,enrichment_factor_at_10pct,1.5059154539793123,1.3752268244575938,1.0507744162053596,0.0,3.8800000000000003,10,sort by metric ascending then material_id for deterministic metric calculation
chemical_system_group,histogram_gradient_boosting_raw,exact_zero_target_recall_at_10pct,0.16290147801984245,0.19074844074844077,0.09303843289205317,0.0,0.2962962962962963,10,sort by metric ascending then material_id for deterministic metric calculation
chemical_system_group,histogram_gradient_boosting_raw,precision_at_20pct,0.3167263559616501,0.3371794871794872,0.16967759831133836,0.09333333333333334,0.6,10,sort by metric ascending then material_id for deterministic metric calculation
chemical_system_group,histogram_gradient_boosting_raw,recall_at_20pct,0.3167263559616501,0.3371794871794872,0.16967759831133836,0.09333333333333334,0.6,10,sort by metric ascending then material_id for deterministic metric calculation
chemical_system_group,histogram_gradient_boosting_raw,enrichment_factor_at_20pct,1.5551790110074661,1.6675641025641026,0.8236628275373262,0.46542222222222224,2.91,10,sort by metric ascending then material_id for deterministic metric calculation
chemical_system_group,histogram_gradient_boosting_raw,exact_zero_target_recall_at_20pct,0.2953559203627229,0.367983367983368,0.16343585916228592,0.045454545454545456,0.5,10,sort by metric ascending then material_id for deterministic metric calculation
chemical_system_group,ridge_log1p,target_treatment,,,,,,0,sort by metric ascending then material_id for deterministic metric calculation
chemical_system_group,ridge_log1p,precision_at_10pct,0.17068680016048438,0.1945945945945946,0.08016406566871356,0.0,0.2894736842105263,10,sort by metric ascending then material_id for deterministic metric calculation
chemical_system_group,ridge_log1p,recall_at_10pct,0.17068680016048438,0.1945945945945946,0.08016406566871356,0.0,0.2894736842105263,10,sort by metric ascending then material_id for deterministic metric calculation
chemical_system_group,ridge_log1p,enrichment_factor_at_10pct,1.6662535726796377,1.9082761139517896,0.7931059617243736,0.0,2.8490304709141276,10,sort by metric ascending then material_id for deterministic metric calculation
chemical_system_group,ridge_log1p,exact_zero_target_recall_at_10pct,0.229006976764608,0.22144522144522144,0.053745923618934925,0.1724137931034483,0.36363636363636365,10,sort by metric ascending then material_id for deterministic metric calculation
chemical_system_group,ridge_log1p,precision_at_20pct,0.2585102426278897,0.24404761904761904,0.07456770165485951,0.11764705882352941,0.38461538461538464,10,sort by metric ascending then material_id for deterministic metric calculation
chemical_system_group,ridge_log1p,recall_at_20pct,0.2585102426278897,0.24404761904761904,0.07456770165485951,0.11764705882352941,0.38461538461538464,10,sort by metric ascending then material_id for deterministic metric calculation
chemical_system_group,ridge_log1p,enrichment_factor_at_20pct,1.2748534802283833,1.201488095238095,0.3680804523948989,0.5743944636678201,1.9230769230769231,10,sort by metric ascending then material_id for deterministic metric calculation
chemical_system_group,ridge_log1p,exact_zero_target_recall_at_20pct,0.3263552461463459,0.3269230769230769,0.06086768708019488,0.2413793103448276,0.4090909090909091,10,sort by metric ascending then material_id for deterministic metric calculation
chemical_system_group,ridge_raw,target_treatment,,,,,,0,sort by metric ascending then material_id for deterministic metric calculation
chemical_system_group,ridge_raw,precision_at_10pct,0.15726799674168096,0.16126126126126128,0.10360734678345226,0.0,0.3076923076923077,10,sort by metric ascending then material_id for deterministic metric calculation
chemical_system_group,ridge_raw,recall_at_10pct,0.15726799674168096,0.16126126126126128,0.10360734678345226,0.0,0.3076923076923077,10,sort by metric ascending then material_id for deterministic metric calculation
chemical_system_group,ridge_raw,enrichment_factor_at_10pct,1.5437075138002454,1.591609447285123,1.02436179757836,0.0,3.076923076923077,10,sort by metric ascending then material_id for deterministic metric calculation
chemical_system_group,ridge_raw,exact_zero_target_recall_at_10pct,0.2109694671703033,0.2063894523326572,0.07054510847411401,0.11538461538461539,0.36363636363636365,10,sort by metric ascending then material_id for deterministic metric calculation
chemical_system_group,ridge_raw,precision_at_20pct,0.25489215200979903,0.27222222222222225,0.05439487998439604,0.11764705882352941,0.3076923076923077,10,sort by metric ascending then material_id for deterministic metric calculation
chemical_system_group,ridge_raw,recall_at_20pct,0.25489215200979903,0.27222222222222225,0.05439487998439604,0.11764705882352941,0.3076923076923077,10,sort by metric ascending then material_id for deterministic metric calculation
chemical_system_group,ridge_raw,enrichment_factor_at_20pct,1.2588502156778216,1.3365333333333334,0.2766112206619742,0.5743944636678201,1.5384615384615385,10,sort by metric ascending then material_id for deterministic metric calculation
chemical_system_group,ridge_raw,exact_zero_target_recall_at_20pct,0.33848612189964283,0.3203012912482066,0.07612124805573904,0.2692307692307692,0.5454545454545454,10,sort by metric ascending then material_id for deterministic metric calculation
random,dummy_median,target_treatment,,,,,,0,sort by metric ascending then material_id for deterministic metric calculation
random,dummy_median,precision_at_10pct,0.6,0.5882352941176471,0.0903664205631601,0.4117647058823529,0.7058823529411765,10,sort by metric ascending then material_id for deterministic metric calculation
random,dummy_median,recall_at_10pct,0.6,0.5882352941176471,0.0903664205631601,0.4117647058823529,0.7058823529411765,10,sort by metric ascending then material_id for deterministic metric calculation
random,dummy_median,enrichment_factor_at_10pct,5.929411764705883,5.813148788927336,0.8930328620359351,4.069204152249135,6.975778546712803,10,sort by metric ascending then material_id for deterministic metric calculation
random,dummy_median,exact_zero_target_recall_at_10pct,0.3518257217692701,0.33813364055299544,0.06625171533695429,0.25,0.48,10,sort by metric ascending then material_id for deterministic metric calculation
random,dummy_median,precision_at_20pct,0.4794117647058823,0.45588235294117646,0.06034789567259763,0.38235294117647056,0.5882352941176471,10,sort by metric ascending then material_id for deterministic metric calculation
random,dummy_median,recall_at_20pct,0.4794117647058823,0.45588235294117646,0.06034789567259763,0.38235294117647056,0.5882352941176471,10,sort by metric ascending then material_id for deterministic metric calculation
random,dummy_median,enrichment_factor_at_20pct,2.3688581314878894,2.2525951557093427,0.298189602146953,1.889273356401384,2.906574394463668,10,sort by metric ascending then material_id for deterministic metric calculation
random,dummy_median,exact_zero_target_recall_at_20pct,0.49594436074678006,0.474375,0.055163588311287405,0.4166666666666667,0.6071428571428571,10,sort by metric ascending then material_id for deterministic metric calculation
random,histogram_gradient_boosting_log1p,target_treatment,,,,,,0,sort by metric ascending then material_id for deterministic metric calculation
random,histogram_gradient_boosting_log1p,precision_at_10pct,0.31176470588235294,0.29411764705882354,0.08339674634563425,0.17647058823529413,0.4117647058823529,10,sort by metric ascending then material_id for deterministic metric calculation
random,histogram_gradient_boosting_log1p,recall_at_10pct,0.31176470588235294,0.29411764705882354,0.08339674634563425,0.17647058823529413,0.4117647058823529,10,sort by metric ascending then material_id for deterministic metric calculation
random,histogram_gradient_boosting_log1p,enrichment_factor_at_10pct,3.080968858131488,2.906574394463668,0.824156081533327,1.7439446366782008,4.069204152249135,10,sort by metric ascending then material_id for deterministic metric calculation
random,histogram_gradient_boosting_log1p,exact_zero_target_recall_at_10pct,0.3043425991571153,0.3090277777777778,0.0374052471355964,0.21428571428571427,0.35714285714285715,10,sort by metric ascending then material_id for deterministic metric calculation
random,histogram_gradient_boosting_log1p,precision_at_20pct,0.4588235294117647,0.5,0.07913896498278652,0.3235294117647059,0.5588235294117647,10,sort by metric ascending then material_id for deterministic metric calculation
random,histogram_gradient_boosting_log1p,recall_at_20pct,0.4588235294117647,0.5,0.07913896498278652,0.3235294117647059,0.5588235294117647,10,sort by metric ascending then material_id for deterministic metric calculation
random,histogram_gradient_boosting_log1p,enrichment_factor_at_20pct,2.267128027681661,2.4705882352941178,0.39103959167965113,1.5986159169550174,2.7612456747404845,10,sort by metric ascending then material_id for deterministic metric calculation
random,histogram_gradient_boosting_log1p,exact_zero_target_recall_at_20pct,0.4672729774705582,0.5,0.08451791393222531,0.32142857142857145,0.6071428571428571,10,sort by metric ascending then material_id for deterministic metric calculation
random,histogram_gradient_boosting_raw,target_treatment,,,,,,0,sort by metric ascending then material_id for deterministic metric calculation
random,histogram_gradient_boosting_raw,precision_at_10pct,0.28823529411764703,0.2647058823529412,0.08086898285216189,0.17647058823529413,0.47058823529411764,10,sort by metric ascending then material_id for deterministic metric calculation
random,histogram_gradient_boosting_raw,recall_at_10pct,0.28823529411764703,0.2647058823529412,0.08086898285216189,0.17647058823529413,0.47058823529411764,10,sort by metric ascending then material_id for deterministic metric calculation
random,histogram_gradient_boosting_raw,enrichment_factor_at_10pct,2.8484429065743946,2.615916955017301,0.7991758305390115,1.7439446366782008,4.650519031141869,10,sort by metric ascending then material_id for deterministic metric calculation
random,histogram_gradient_boosting_raw,exact_zero_target_recall_at_10pct,0.2855359801488833,0.2774725274725275,0.046517433520076513,0.22580645161290322,0.39285714285714285,10,sort by metric ascending then material_id for deterministic metric calculation
random,histogram_gradient_boosting_raw,precision_at_20pct,0.4382352941176471,0.4264705882352941,0.08049371872590594,0.35294117647058826,0.6176470588235294,10,sort by metric ascending then material_id for deterministic metric calculation
random,histogram_gradient_boosting_raw,recall_at_20pct,0.4382352941176471,0.4264705882352941,0.08049371872590594,0.35294117647058826,0.6176470588235294,10,sort by metric ascending then material_id for deterministic metric calculation
random,histogram_gradient_boosting_raw,enrichment_factor_at_20pct,2.1653979238754326,2.1072664359861593,0.397733668998594,1.7439446366782008,3.0519031141868513,10,sort by metric ascending then material_id for deterministic metric calculation
random,histogram_gradient_boosting_raw,exact_zero_target_recall_at_20pct,0.4318779934223483,0.40783410138248843,0.0895516345885557,0.32142857142857145,0.6071428571428571,10,sort by metric ascending then material_id for deterministic metric calculation
random,ridge_log1p,target_treatment,,,,,,0,sort by metric ascending then material_id for deterministic metric calculation
random,ridge_log1p,precision_at_10pct,0.2,0.17647058823529413,0.09188529030478418,0.058823529411764705,0.35294117647058826,10,sort by metric ascending then material_id for deterministic metric calculation
random,ridge_log1p,recall_at_10pct,0.2,0.17647058823529413,0.09188529030478418,0.058823529411764705,0.35294117647058826,10,sort by metric ascending then material_id for deterministic metric calculation
random,ridge_log1p,enrichment_factor_at_10pct,1.9764705882352942,1.7439446366782008,0.9080428688943377,0.5813148788927336,3.4878892733564015,10,sort by metric ascending then material_id for deterministic metric calculation
random,ridge_log1p,exact_zero_target_recall_at_10pct,0.2729123636220411,0.25,0.09010663377798482,0.16129032258064516,0.48,10,sort by metric ascending then material_id for deterministic metric calculation
random,ridge_log1p,precision_at_20pct,0.4235294117647059,0.4264705882352941,0.0605625302411,0.29411764705882354,0.5,10,sort by metric ascending then material_id for deterministic metric calculation
random,ridge_log1p,recall_at_20pct,0.4235294117647059,0.4264705882352941,0.0605625302411,0.29411764705882354,0.5,10,sort by metric ascending then material_id for deterministic metric calculation
random,ridge_log1p,enrichment_factor_at_20pct,2.092733564013841,2.1072664359861593,0.2992501494266118,1.453287197231834,2.4705882352941178,10,sort by metric ascending then material_id for deterministic metric calculation
random,ridge_log1p,exact_zero_target_recall_at_20pct,0.4578173273858758,0.42857142857142855,0.09326893579474352,0.3225806451612903,0.64,10,sort by metric ascending then material_id for deterministic metric calculation
random,ridge_raw,target_treatment,,,,,,0,sort by metric ascending then material_id for deterministic metric calculation
random,ridge_raw,precision_at_10pct,0.20588235294117646,0.23529411764705882,0.0993055471537302,0.058823529411764705,0.35294117647058826,10,sort by metric ascending then material_id for deterministic metric calculation
random,ridge_raw,recall_at_10pct,0.20588235294117646,0.23529411764705882,0.0993055471537302,0.058823529411764705,0.35294117647058826,10,sort by metric ascending then material_id for deterministic metric calculation
random,ridge_raw,enrichment_factor_at_10pct,2.0346020761245676,2.3252595155709344,0.9813724659898042,0.5813148788927336,3.4878892733564015,10,sort by metric ascending then material_id for deterministic metric calculation
random,ridge_raw,exact_zero_target_recall_at_10pct,0.24951752235219976,0.22227822580645162,0.0842298884359742,0.1388888888888889,0.44,10,sort by metric ascending then material_id for deterministic metric calculation
random,ridge_raw,precision_at_20pct,0.3794117647058824,0.35294117647058826,0.07258213340737096,0.2647058823529412,0.5,10,sort by metric ascending then material_id for deterministic metric calculation
random,ridge_raw,recall_at_20pct,0.3794117647058824,0.35294117647058826,0.07258213340737096,0.2647058823529412,0.5,10,sort by metric ascending then material_id for deterministic metric calculation
random,ridge_raw,enrichment_factor_at_20pct,1.8747404844290656,1.7439446366782008,0.35864112977759777,1.3079584775086506,2.4705882352941178,10,sort by metric ascending then material_id for deterministic metric calculation
random,ridge_raw,exact_zero_target_recall_at_20pct,0.41340883354996255,0.376984126984127,0.09711865021024614,0.2903225806451613,0.6,10,sort by metric ascending then material_id for deterministic metric calculation
reduced_formula_group,dummy_median,target_treatment,,,,,,0,sort by metric ascending then material_id for deterministic metric calculation
reduced_formula_group,dummy_median,precision_at_10pct,0.5677466240852969,0.5625,0.08406383839214145,0.43478260869565216,0.7333333333333333,10,sort by metric ascending then material_id for deterministic metric calculation
reduced_formula_group,dummy_median,recall_at_10pct,0.5677466240852969,0.5625,0.08406383839214145,0.43478260869565216,0.7333333333333333,10,sort by metric ascending then material_id for deterministic metric calculation
reduced_formula_group,dummy_median,enrichment_factor_at_10pct,5.488577242931006,5.396484375,0.7864791433551893,4.310018903591683,6.893333333333333,10,sort by metric ascending then material_id for deterministic metric calculation
reduced_formula_group,dummy_median,exact_zero_target_recall_at_10pct,0.37439956387801215,0.37797619047619047,0.06395232051509138,0.2692307692307692,0.4482758620689655,10,sort by metric ascending then material_id for deterministic metric calculation
reduced_formula_group,dummy_median,precision_at_20pct,0.4954303929677759,0.4907407407407407,0.07785625045502897,0.39473684210526316,0.6206896551724138,10,sort by metric ascending then material_id for deterministic metric calculation
reduced_formula_group,dummy_median,recall_at_20pct,0.4954303929677759,0.4907407407407407,0.07785625045502897,0.39473684210526316,0.6206896551724138,10,sort by metric ascending then material_id for deterministic metric calculation
reduced_formula_group,dummy_median,enrichment_factor_at_20pct,2.440892890498891,2.4428341384863126,0.3769872493060401,1.9321329639889195,3.0295857988165684,10,sort by metric ascending then material_id for deterministic metric calculation
reduced_formula_group,dummy_median,exact_zero_target_recall_at_20pct,0.5213774928774928,0.5086206896551724,0.06857466466485439,0.42857142857142855,0.68,10,sort by metric ascending then material_id for deterministic metric calculation
reduced_formula_group,histogram_gradient_boosting_log1p,target_treatment,,,,,,0,sort by metric ascending then material_id for deterministic metric calculation
reduced_formula_group,histogram_gradient_boosting_log1p,precision_at_10pct,0.2689683028641839,0.24812030075187969,0.11065661260108103,0.14285714285714285,0.5217391304347826,10,sort by metric ascending then material_id for deterministic metric calculation
reduced_formula_group,histogram_gradient_boosting_log1p,recall_at_10pct,0.2689683028641839,0.24812030075187969,0.11065661260108103,0.14285714285714285,0.5217391304347826,10,sort by metric ascending then material_id for deterministic metric calculation
reduced_formula_group,histogram_gradient_boosting_log1p,enrichment_factor_at_10pct,2.6068788567490913,2.408021934535587,1.0955225374891506,1.3673469387755102,5.172022684310019,10,sort by metric ascending then material_id for deterministic metric calculation
reduced_formula_group,histogram_gradient_boosting_log1p,exact_zero_target_recall_at_10pct,0.30281099743168705,0.29802955665024633,0.07937808406649183,0.15384615384615385,0.4444444444444444,10,sort by metric ascending then material_id for deterministic metric calculation
reduced_formula_group,histogram_gradient_boosting_log1p,precision_at_20pct,0.4756814421825055,0.4866163349347975,0.08402932691144241,0.2962962962962963,0.6052631578947368,10,sort by metric ascending then material_id for deterministic metric calculation
reduced_formula_group,histogram_gradient_boosting_log1p,recall_at_20pct,0.4756814421825055,0.4866163349347975,0.08402932691144241,0.2962962962962963,0.6052631578947368,10,sort by metric ascending then material_id for deterministic metric calculation
reduced_formula_group,histogram_gradient_boosting_log1p,enrichment_factor_at_20pct,2.343525914995808,2.3972099375650364,0.40991236468747466,1.4705075445816185,2.9626038781163433,10,sort by metric ascending then material_id for deterministic metric calculation
reduced_formula_group,histogram_gradient_boosting_log1p,exact_zero_target_recall_at_20pct,0.5037911930023999,0.4827586206896552,0.09337688848274697,0.3076923076923077,0.6666666666666666,10,sort by metric ascending then material_id for deterministic metric calculation
reduced_formula_group,histogram_gradient_boosting_raw,target_treatment,,,,,,0,sort by metric ascending then material_id for deterministic metric calculation
reduced_formula_group,histogram_gradient_boosting_raw,precision_at_10pct,0.2263467126567813,0.22532894736842105,0.0844019534174116,0.125,0.391304347826087,10,sort by metric ascending then material_id for deterministic metric calculation
reduced_formula_group,histogram_gradient_boosting_raw,recall_at_10pct,0.2263467126567813,0.22532894736842105,0.0844019534174116,0.125,0.391304347826087,10,sort by metric ascending then material_id for deterministic metric calculation
reduced_formula_group,histogram_gradient_boosting_raw,enrichment_factor_at_10pct,2.1931669493562786,2.1380989583333334,0.8348205281417489,1.2239583333333335,3.8790170132325144,10,sort by metric ascending then material_id for deterministic metric calculation
reduced_formula_group,histogram_gradient_boosting_raw,exact_zero_target_recall_at_10pct,0.26085175536468636,0.2606896551724138,0.0936037731850131,0.10344827586206896,0.38095238095238093,10,sort by metric ascending then material_id for deterministic metric calculation
reduced_formula_group,histogram_gradient_boosting_raw,precision_at_20pct,0.44027353519811224,0.46294642857142854,0.0764073182448277,0.25925925925925924,0.5217391304347826,10,sort by metric ascending then material_id for deterministic metric calculation
reduced_formula_group,histogram_gradient_boosting_raw,recall_at_20pct,0.44027353519811224,0.46294642857142854,0.0764073182448277,0.25925925925925924,0.5217391304347826,10,sort by metric ascending then material_id for deterministic metric calculation
reduced_formula_group,histogram_gradient_boosting_raw,enrichment_factor_at_20pct,2.1695369661731556,2.272374043367347,0.37554071091636426,1.2866941015089162,2.5860113421550097,10,sort by metric ascending then material_id for deterministic metric calculation
reduced_formula_group,histogram_gradient_boosting_raw,exact_zero_target_recall_at_20pct,0.47345787896649966,0.47737068965517243,0.10359688104768944,0.2692307692307692,0.6296296296296297,10,sort by metric ascending then material_id for deterministic metric calculation
reduced_formula_group,ridge_log1p,target_treatment,,,,,,0,sort by metric ascending then material_id for deterministic metric calculation
reduced_formula_group,ridge_log1p,precision_at_10pct,0.2076633403464067,0.16964285714285715,0.1525253783331524,0.0,0.4782608695652174,10,sort by metric ascending then material_id for deterministic metric calculation
reduced_formula_group,ridge_log1p,recall_at_10pct,0.2076633403464067,0.16964285714285715,0.1525253783331524,0.0,0.4782608695652174,10,sort by metric ascending then material_id for deterministic metric calculation
reduced_formula_group,ridge_log1p,enrichment_factor_at_10pct,2.0262271720900387,1.6230070153061225,1.5090976083416192,0.0,4.741020793950851,10,sort by metric ascending then material_id for deterministic metric calculation
reduced_formula_group,ridge_log1p,exact_zero_target_recall_at_10pct,0.2785618938851697,0.26354679802955666,0.11565303515633078,0.125,0.48148148148148145,10,sort by metric ascending then material_id for deterministic metric calculation
reduced_formula_group,ridge_log1p,precision_at_20pct,0.44708013203055463,0.4365079365079365,0.06963992565315454,0.37037037037037035,0.6304347826086957,10,sort by metric ascending then material_id for deterministic metric calculation
reduced_formula_group,ridge_log1p,recall_at_20pct,0.44708013203055463,0.4365079365079365,0.06963992565315454,0.37037037037037035,0.6304347826086957,10,sort by metric ascending then material_id for deterministic metric calculation
reduced_formula_group,ridge_log1p,enrichment_factor_at_20pct,2.204738083417804,2.1540590197297753,0.35250217790743144,1.8381344307270233,3.12476370510397,10,sort by metric ascending then material_id for deterministic metric calculation
reduced_formula_group,ridge_log1p,exact_zero_target_recall_at_20pct,0.46967808197549576,0.4724702380952381,0.09116700138637832,0.3333333333333333,0.6666666666666666,10,sort by metric ascending then material_id for deterministic metric calculation
reduced_formula_group,ridge_raw,target_treatment,,,,,,0,sort by metric ascending then material_id for deterministic metric calculation
reduced_formula_group,ridge_raw,precision_at_10pct,0.21151325219403022,0.19047619047619047,0.10111871871669867,0.07142857142857142,0.43478260869565216,10,sort by metric ascending then material_id for deterministic metric calculation
reduced_formula_group,ridge_raw,recall_at_10pct,0.21151325219403022,0.19047619047619047,0.10111871871669867,0.07142857142857142,0.43478260869565216,10,sort by metric ascending then material_id for deterministic metric calculation
reduced_formula_group,ridge_raw,enrichment_factor_at_10pct,2.058651389723409,1.8340891912320483,1.0122495332308492,0.6836734693877551,4.310018903591683,10,sort by metric ascending then material_id for deterministic metric calculation
reduced_formula_group,ridge_raw,exact_zero_target_recall_at_10pct,0.2539579438760473,0.23443223443223443,0.07955336739367007,0.16666666666666666,0.4444444444444444,10,sort by metric ascending then material_id for deterministic metric calculation
reduced_formula_group,ridge_raw,precision_at_20pct,0.3925784861370669,0.3693957115009746,0.06553493072693597,0.3333333333333333,0.5434782608695652,10,sort by metric ascending then material_id for deterministic metric calculation
reduced_formula_group,ridge_raw,recall_at_20pct,0.3925784861370669,0.3693957115009746,0.06553493072693597,0.3333333333333333,0.5434782608695652,10,sort by metric ascending then material_id for deterministic metric calculation
reduced_formula_group,ridge_raw,enrichment_factor_at_20pct,1.9364460547368931,1.8157245498614958,0.33416112970043993,1.654320987654321,2.6937618147448017,10,sort by metric ascending then material_id for deterministic metric calculation
reduced_formula_group,ridge_raw,exact_zero_target_recall_at_20pct,0.433269234277855,0.41428571428571426,0.0916814035858033,0.3333333333333333,0.6296296296296297,10,sort by metric ascending then material_id for deterministic metric calculation
